name,address,city,phone,email,website,description,source_url,country,crawl_timestamp
basic,,,,,,,https://www.zimbabweyp.com/signup-business/basic,Zimbabwe,2025-12-03T17:58:44.209577
RSC Steelforce,,,,,,,https://thedirectory.co.zw/company.cfm?companyid=1489,Zimbabwe,2025-12-03T18:35:53.349541
Baker Tilly,,,,,,,https://thedirectory.co.zw/company.cfm?companyid=1187,Zimbabwe,2025-12-03T18:35:53.352545
Nicolas Scale Company Pvt Ltd.,,,,,,,https://thedirectory.co.zw/company.cfm?companyid=1348,Zimbabwe,2025-12-03T18:35:53.355294
Wheatstar (Pvt) Ltd,,,,,,,https://thedirectory.co.zw/company.cfm?companyid=7496,Zimbabwe,2025-12-03T18:35:53.358164
Adidas Zimbabwe,,,,,,,https://thedirectory.co.zw/company.cfm?companyid=3769,Zimbabwe,2025-12-03T18:35:53.360896
Cut Rag Processors Pvt Ltd.,,,,,,,https://thedirectory.co.zw/company.cfm?companyid=1807,Zimbabwe,2025-12-03T18:35:53.365806
ZNSPCA,,,,,,,https://thedirectory.co.zw/company.cfm?companyid=5996,Zimbabwe,2025-12-03T18:35:53.369152
Masca Medical Aid Society of Central Africa,,,,,,,https://thedirectory.co.zw/company.cfm?companyid=10697,Zimbabwe,2025-12-03T18:35:57.207122
SMC Drilling (Pvt) Ltd,,,,,,,https://thedirectory.co.zw/company.cfm?companyid=9207,Zimbabwe,2025-12-03T18:35:57.207802
Velnox Branding,,,,,,,https://thedirectory.co.zw/company.cfm?companyid=18309,Zimbabwe,2025-12-03T18:35:57.209722
Dr(Dr) Farayi Shakespeare Moyana (PhD),,,,,,,https://thedirectory.co.zw/company.cfm?companyid=6371,Zimbabwe,2025-12-03T18:35:57.210362
KJ Investments (Pvt) Ltd,,,,,,,https://thedirectory.co.zw/company.cfm?companyid=53,Zimbabwe,2025-12-03T18:35:57.211327
Kingson Engineering (Pvt) Ltd,,,,,,,https://thedirectory.co.zw/company.cfm?companyid=2830,Zimbabwe,2025-12-03T18:36:04.689659
Bronte The Garden Hotel,,,,,,,https://thedirectory.co.zw/company.cfm?companyid=534,Zimbabwe,2025-12-03T18:36:04.690353
Vortex Drilling,,,,,,,https://thedirectory.co.zw/company.cfm?companyid=5884,Zimbabwe,2025-12-03T18:36:04.692386
The Sunglass Boutique,,,,,,,https://thedirectory.co.zw/company.cfm?companyid=18230,Zimbabwe,2025-12-03T18:36:04.693052
Wise Jet Cranes,,,,,,,https://thedirectory.co.zw/company.cfm?companyid=14094,Zimbabwe,2025-12-03T18:36:04.694391
Rossi Tyre,,,,,https://thedirectory.co.zw/company.cfm?companyid=10712,Tyres For Every Car,https://thedirectory.co.zw/company.cfm?companyid=10712,Zimbabwe,2025-12-03T18:36:14.605865
Motor Torque,,,,,https://thedirectory.co.zw/company.cfm?companyid=477,"Tyres, Shock Absorbers, Mag Wheels, Wheel Lock Nuts and Bolts",https://thedirectory.co.zw/company.cfm?companyid=477,Zimbabwe,2025-12-03T18:36:15.825850
TYREZIM,,,,,https://thedirectory.co.zw/company.cfm?companyid=5457,"Leaders in distribution & sales of passenger, truck, agricultural, mining and industrial tyres, tubes & rims under the Triangle, Alliance, Nexen, Zowin and Terraking brand names. Experts in tyres.",https://thedirectory.co.zw/company.cfm?companyid=5457,Zimbabwe,2025-12-03T18:36:17.891798
Amcotts,,,,,https://thedirectory.co.zw/company.cfm?companyid=3458,Tyers - Equipment - Parts,https://thedirectory.co.zw/company.cfm?companyid=3458,Zimbabwe,2025-12-03T18:36:19.423715
Dunlop Distributors - Taita Tyres / Trading,,,,,https://thedirectory.co.zw/company.cfm?companyid=3055,"Dunlop, Windforce and Triangle Tyres.",https://thedirectory.co.zw/company.cfm?companyid=3055,Zimbabwe,2025-12-03T18:36:20.567494
Sanders Opticians,,,,,https://thedirectory.co.zw/company.cfm?companyid=6155,Opticians,https://thedirectory.co.zw/company.cfm?companyid=6155,Zimbabwe,2025-12-03T18:36:23.345454
Eye Studio,,,,,https://thedirectory.co.zw/company.cfm?companyid=9520,"Optometrist, Optician, Contact Lens Practitioner, School Vision Practioner and Dry Eye Therapy.",https://thedirectory.co.zw/company.cfm?companyid=9520,Zimbabwe,2025-12-03T18:36:25.227541
Optimark In The Village,,,,,https://thedirectory.co.zw/company.cfm?companyid=3943,"Opticians, Contact Lens practitioners and Sunglasses",https://thedirectory.co.zw/company.cfm?companyid=3943,Zimbabwe,2025-12-03T18:36:27.051726
Village Optometrists,,,,,https://thedirectory.co.zw/company.cfm?companyid=4257,Ophthalmic and Dispensing Opticians. Major Sunglass Brands. (Formerly Your Optician),https://thedirectory.co.zw/company.cfm?companyid=4257,Zimbabwe,2025-12-03T18:36:28.563153
Premier Service Medical Aid Society (PSMAS),,,,,https://thedirectory.co.zw/company.cfm?companyid=926,Medical Aid Society,https://thedirectory.co.zw/company.cfm?companyid=926,Zimbabwe,2025-12-03T18:36:29.810272
The Optical Centre,,,,,,,https://thedirectory.co.zw/company.cfm?companyid=16783,Zimbabwe,2025-12-03T18:36:29.842040
Multiple Star Plastic Packaging,,,,,https://thedirectory.co.zw/company.cfm?companyid=11162,"Plain and Printed Plastic Packaging, Carrier Bags, Black Sheeting, Bin Liners, Clear Tubing and Shrink Wrap",https://thedirectory.co.zw/company.cfm?companyid=11162,Zimbabwe,2025-12-03T18:36:32.301458
Polypackaging Pvt Ltd.,,,,,https://thedirectory.co.zw/company.cfm?companyid=2897,"Manufacturing Of Polypropylene Woven Bags, Silt Cloth, Tubing, Potato And Orange Pockets And Plastic Bags",https://thedirectory.co.zw/company.cfm?companyid=2897,Zimbabwe,2025-12-03T18:36:33.697275
Almac Plastex,,,,,https://thedirectory.co.zw/company.cfm?companyid=1327,Plastics/Packaging and Stationery Suppliers (Formerly Almar Plastex),https://thedirectory.co.zw/company.cfm?companyid=1327,Zimbabwe,2025-12-03T18:36:34.862431
Circlepak (Pvt) Ltd,,,,,https://thedirectory.co.zw/company.cfm?companyid=8313,"Manufacturers and Suppliers of Composite Containers,Cores and Sharp Tins",https://thedirectory.co.zw/company.cfm?companyid=8313,Zimbabwe,2025-12-03T18:36:36.155180
Codchem Plastics,,,,,https://thedirectory.co.zw/company.cfm?companyid=13225,"Manufacturers Of Flexible Packaging: Plain & Printed Plastics, Carrier Bags, Black Sheeting, Bin Liners, Freezit Tubing, Shrink Wrap, Plain & Printed Autopack.",https://thedirectory.co.zw/company.cfm?companyid=13225,Zimbabwe,2025-12-03T18:36:37.588993
Polar Plastics,,,,,,,https://thedirectory.co.zw/company.cfm?companyid=13726,Zimbabwe,2025-12-03T18:36:37.617118
Gibsand Enterprises Pvt Ltd.,,,,,,,https://thedirectory.co.zw/company.cfm?companyid=2819,Zimbabwe,2025-12-03T18:36:37.617731
CPL,,,,,,,https://thedirectory.co.zw/company.cfm?companyid=1953,Zimbabwe,2025-12-03T18:36:37.618322
NativeOps Printing and Packaging,,,,,,,https://thedirectory.co.zw/company.cfm?companyid=15745,Zimbabwe,2025-12-03T18:36:37.618930
Packrite,,,,,,,https://thedirectory.co.zw/company.cfm?companyid=968,Zimbabwe,2025-12-03T18:36:37.619625
Van Leer Zimbabwe,,,,,,,https://thedirectory.co.zw/company.cfm?companyid=1580,Zimbabwe,2025-12-03T18:36:37.620235
Dr. Arevshatian Art,,,,,https://thedirectory.co.zw/company.cfm?companyid=7975,Arundel Dental,https://thedirectory.co.zw/company.cfm?companyid=7975,Zimbabwe,2025-12-03T18:36:40.004410
Zimbabwe Academy of Dental Nursing (ZADENU) C/o Dr (Dr) Farayi Shakespeare Moyana (PhD),,,,,https://thedirectory.co.zw/company.cfm?companyid=13300,"The Zimbabwe Academy of Dental Nursing, Affiliated to the Harare Institute of Technology (University).",https://thedirectory.co.zw/company.cfm?companyid=13300,Zimbabwe,2025-12-03T18:36:42.628171
Borrowdale Dental Surgery,,,,,https://thedirectory.co.zw/company.cfm?companyid=7119,GENERAL DENTISTRY & ORTHODONTIC dentists.,https://thedirectory.co.zw/company.cfm?companyid=7119,Zimbabwe,2025-12-03T18:36:43.972202
"Dr. Markarian, Ruzanne",,,,,https://thedirectory.co.zw/company.cfm?companyid=922,Dental Surgery,https://thedirectory.co.zw/company.cfm?companyid=922,Zimbabwe,2025-12-03T18:36:45.272914
"Dr. Siam, K.",,,,,,,https://thedirectory.co.zw/company.cfm?companyid=7410,Zimbabwe,2025-12-03T18:36:45.297178
Kensington Dental Clinic,,,,,,,https://thedirectory.co.zw/company.cfm?companyid=10392,Zimbabwe,2025-12-03T18:36:45.299100
"Dr. Mashava, Deluxe.",,,,,,,https://thedirectory.co.zw/company.cfm?companyid=15344,Zimbabwe,2025-12-03T18:36:45.299711
"Dr. Bannerman, Lilian",,,,,,,https://thedirectory.co.zw/company.cfm?companyid=15349,Zimbabwe,2025-12-03T18:36:45.300313
Smilewize Dental,,,,,,,https://thedirectory.co.zw/company.cfm?companyid=17728,Zimbabwe,2025-12-03T18:36:45.300916
Planet Dental,,,,,,,https://thedirectory.co.zw/company.cfm?companyid=16826,Zimbabwe,2025-12-03T18:36:45.301524
Spartan Drilling Services,,,,,https://thedirectory.co.zw/company.cfm?companyid=15345,"Mining Exploration, Boreholes, Operations in Zimbabwe & Mozambique",https://thedirectory.co.zw/company.cfm?companyid=15345,Zimbabwe,2025-12-03T18:36:47.615172
Tandamanzi Drilling (Pvt) Ltd,,,,,https://thedirectory.co.zw/company.cfm?companyid=105,"Borehole Drilling, RC/RAB Drilling, Core Drilling, Blast Hole Drilling and Pump Sales and Installations",https://thedirectory.co.zw/company.cfm?companyid=105,Zimbabwe,2025-12-03T18:36:49.150399
Agatec Drills (Pvt) Ltd.,,,,,https://thedirectory.co.zw/company.cfm?companyid=6563,Specialists in Borehole Drilling,https://thedirectory.co.zw/company.cfm?companyid=6563,Zimbabwe,2025-12-03T18:36:50.435467
Wigatap,,,,,https://thedirectory.co.zw/company.cfm?companyid=15417,Borehole Drilling & Solar Systems,https://thedirectory.co.zw/company.cfm?companyid=15417,Zimbabwe,2025-12-03T18:36:53.764921
Solar Maintenance & Cleaning,,,,,,,https://thedirectory.co.zw/company.cfm?companyid=18238,Zimbabwe,2025-12-03T18:36:53.987418
Bluetek Generators and Water Pump,,,,,,,https://thedirectory.co.zw/company.cfm?companyid=6441,Zimbabwe,2025-12-03T18:36:53.990242
Valence Energy Solutions,,,,,,,https://thedirectory.co.zw/company.cfm?companyid=15588,Zimbabwe,2025-12-03T18:36:54.016395
Posrunna Solar,,,,,,,https://thedirectory.co.zw/company.cfm?companyid=15654,Zimbabwe,2025-12-03T18:36:54.020278
Aurora Energy,,,,,,,https://thedirectory.co.zw/company.cfm?companyid=15425,Zimbabwe,2025-12-03T18:36:54.023015
National Tyre Services Limited,,,,,https://thedirectory.co.zw/company.cfm?companyid=959,Tyres and Accessories,https://thedirectory.co.zw/company.cfm?companyid=959,Zimbabwe,2025-12-03T18:36:56.626298
MyPart Parts Shop & Fitment,,,,,https://thedirectory.co.zw/company.cfm?companyid=18383,Quality Motor Parts,https://thedirectory.co.zw/company.cfm?companyid=18383,Zimbabwe,2025-12-03T18:36:57.956686
Tyre Club Fitment Centre,,,,,https://thedirectory.co.zw/company.cfm?companyid=15169,Dunlop Express,https://thedirectory.co.zw/company.cfm?companyid=15169,Zimbabwe,2025-12-03T18:36:59.778380
Junk Japan,,,,,,,https://thedirectory.co.zw/company.cfm?companyid=15526,Zimbabwe,2025-12-03T18:36:59.809618
H.T Tyre Shop,,,,,,,https://thedirectory.co.zw/company.cfm?companyid=13505,Zimbabwe,2025-12-03T18:36:59.810844
Fedex Express,,,,,https://thedirectory.co.zw/company.cfm?companyid=4888,"Express Delivery, Courier & Shipping Services in Zimbabwe",https://thedirectory.co.zw/company.cfm?companyid=4888,Zimbabwe,2025-12-03T18:37:02.491007
DHL International (Pvt) Ltd,,,,,https://thedirectory.co.zw/company.cfm?companyid=6578,Document and parcel shipping,https://thedirectory.co.zw/company.cfm?companyid=6578,Zimbabwe,2025-12-03T18:37:03.988317
Alro Shipping (Pvt) Ltd,,,,,https://thedirectory.co.zw/company.cfm?companyid=11813,Shipping and Freight Forwarding,https://thedirectory.co.zw/company.cfm?companyid=11813,Zimbabwe,2025-12-03T18:37:05.333380
Lacho Freight,,,,,https://thedirectory.co.zw/company.cfm?companyid=1471,"WAREHOUSING, FREIGHT FORWARDING AND CUSTOMS CLEARING SERVICES",https://thedirectory.co.zw/company.cfm?companyid=1471,Zimbabwe,2025-12-03T18:37:06.516562
Sightscore Investments (Pvt) Ltd,,,,,https://thedirectory.co.zw/company.cfm?companyid=13404,Local and Cross Boarder Transportation,https://thedirectory.co.zw/company.cfm?companyid=13404,Zimbabwe,2025-12-03T18:37:08.733993
Gimatar Logistics (Pvt) Ltd,,,,,,,https://thedirectory.co.zw/company.cfm?companyid=13998,Zimbabwe,2025-12-03T18:37:08.966116
CMA CGM Zimbabwe Pvt Ltd.,,,,,,,https://thedirectory.co.zw/company.cfm?companyid=2429,Zimbabwe,2025-12-03T18:37:08.968478
Creadlyne Investments Pvt Ltd,,,,,,,https://thedirectory.co.zw/company.cfm?companyid=2847,Zimbabwe,2025-12-03T18:37:08.989991
Nicnel Plant and Equipment Pvt Ltd.,,,,,,,https://thedirectory.co.zw/company.cfm?companyid=1571,Zimbabwe,2025-12-03T18:37:08.997480
Amolas Agencies (Pvt) Ltd,,,,,,,https://thedirectory.co.zw/company.cfm?companyid=12490,Zimbabwe,2025-12-03T18:37:09.005642
Seeff Zimbabwe,,,,,https://thedirectory.co.zw/company.cfm?companyid=10080,Expertise built through generations of trust,https://thedirectory.co.zw/company.cfm?companyid=10080,Zimbabwe,2025-12-03T18:37:11.528333
House of Stone Properties,,,,,https://thedirectory.co.zw/company.cfm?companyid=17128,Estate Agents,https://thedirectory.co.zw/company.cfm?companyid=17128,Zimbabwe,2025-12-03T18:37:12.613449
Kennan Properties,,,,,https://thedirectory.co.zw/company.cfm?companyid=24,Sales and Letting,https://thedirectory.co.zw/company.cfm?companyid=24,Zimbabwe,2025-12-03T18:37:13.627627
Property Shop Pvt Ltd,,,,,https://thedirectory.co.zw/company.cfm?companyid=2478,Real Estate Agents,https://thedirectory.co.zw/company.cfm?companyid=2478,Zimbabwe,2025-12-03T18:37:14.876816
Metro Realty (Pvt) Ltd,,,,,https://thedirectory.co.zw/company.cfm?companyid=12866,Real Estate Agents,https://thedirectory.co.zw/company.cfm?companyid=12866,Zimbabwe,2025-12-03T18:37:16.397694
GreenPlan (Pvt) Ltd,,,,,,,https://thedirectory.co.zw/company.cfm?companyid=10300,Zimbabwe,2025-12-03T18:37:16.426318
Mossdorf Realty (Pvt) Ltd,,,,,,,https://thedirectory.co.zw/company.cfm?companyid=6219,Zimbabwe,2025-12-03T18:37:16.426927
Gatsby Real Estate,,,,,,,https://thedirectory.co.zw/company.cfm?companyid=8223,Zimbabwe,2025-12-03T18:37:16.427528
Genesis Real Estate Africa,,,,,,,https://thedirectory.co.zw/company.cfm?companyid=16101,Zimbabwe,2025-12-03T18:37:16.428151
PRIME REAL ESTATE,,,,,,,https://thedirectory.co.zw/company.cfm?companyid=684,Zimbabwe,2025-12-03T18:37:16.428749
Root Pro Properties,,,,,,,https://thedirectory.co.zw/company.cfm?companyid=13040,Zimbabwe,2025-12-03T18:37:16.429346
Crane 4 Hire - Crane Hire,,,,,https://thedirectory.co.zw/company.cfm?companyid=8287,"Crane 4 Hire - Crane Hire - Cranes 5 to 90 tons, Forklifts, Rigging, Telehandler, Recovery.",https://thedirectory.co.zw/company.cfm?companyid=8287,Zimbabwe,2025-12-03T18:37:19.579973
Endeavor Equipment,,,,,https://thedirectory.co.zw/company.cfm?companyid=18194,"Forklift hire, Sales and repairs.Casual and long term. 2.5 Tons to 10 Tons Forklift Crane Truck Hire and Low Bed Truck Hire",https://thedirectory.co.zw/company.cfm?companyid=18194,Zimbabwe,2025-12-03T18:37:20.799946
Pat Dunn and Company,,,,,https://thedirectory.co.zw/company.cfm?companyid=2363,Construction Company,https://thedirectory.co.zw/company.cfm?companyid=2363,Zimbabwe,2025-12-03T18:37:21.996313
William Crane Hire,,,,,https://thedirectory.co.zw/company.cfm?companyid=13384,We Hire Cranes In and Out of Harare,https://thedirectory.co.zw/company.cfm?companyid=13384,Zimbabwe,2025-12-03T18:37:23.395709
Mega Rig Projects,,,,,,,https://thedirectory.co.zw/company.cfm?companyid=3139,Zimbabwe,2025-12-03T18:37:23.502244
Truck - It (Pvt) Ltd,,,,,,,https://thedirectory.co.zw/company.cfm?companyid=8288,Zimbabwe,2025-12-03T18:37:23.508734
Honda Coventry Road,,,,,https://thedirectory.co.zw/company.cfm?companyid=9011,"Showroom & Service Centre, Authorized Franchise dealers for Honda Products",https://thedirectory.co.zw/company.cfm?companyid=9011,Zimbabwe,2025-12-03T18:37:27.778582
Superwatt Power Solutions,,,,,https://thedirectory.co.zw/company.cfm?companyid=18405,"Power On Wheels! Generators for hire for construction, events and industrial or domestic use",https://thedirectory.co.zw/company.cfm?companyid=18405,Zimbabwe,2025-12-03T18:37:30.605792
Honda Service Centre - Graniteside,,,,,https://thedirectory.co.zw/company.cfm?companyid=9012,Service Centre and Authorized Franchise dealer for Honda Products,https://thedirectory.co.zw/company.cfm?companyid=9012,Zimbabwe,2025-12-03T18:37:32.201324
SUPAFIX,,,,,,,https://thedirectory.co.zw/company.cfm?companyid=12513,Zimbabwe,2025-12-03T18:37:32.232649
Gentech,,,,,,,https://thedirectory.co.zw/company.cfm?companyid=6382,Zimbabwe,2025-12-03T18:37:32.233885
Real Grace Motor Spares,,,,,,,https://thedirectory.co.zw/company.cfm?companyid=9276,Zimbabwe,2025-12-03T18:37:32.234491
Afrigen Mechatronics (Pvt) Ltd (KIPOR),,,,,,,https://thedirectory.co.zw/company.cfm?companyid=11778,Zimbabwe,2025-12-03T18:37:32.235098
Grand Auto Premier,,,,,https://thedirectory.co.zw/company.cfm?companyid=7082,Panel Beating & Spray Painting,https://thedirectory.co.zw/company.cfm?companyid=7082,Zimbabwe,2025-12-03T18:37:36.057751
M & M Panel Beaters Pvt Ltd.,,,,,https://thedirectory.co.zw/company.cfm?companyid=3036,"Panel Beating and Spray Painting, Mechanical, Windscreens, Upholstery, Auto Electrical",https://thedirectory.co.zw/company.cfm?companyid=3036,Zimbabwe,2025-12-03T18:37:37.218692
Jock Smiths,,,,,https://thedirectory.co.zw/company.cfm?companyid=169,Spray Paints,https://thedirectory.co.zw/company.cfm?companyid=169,Zimbabwe,2025-12-03T18:37:38.509948
Fineye Panel Beaters,,,,,https://thedirectory.co.zw/company.cfm?companyid=12994,"For Flawless, Superquick and Autobody Restoration. Experience Fineye Finess",https://thedirectory.co.zw/company.cfm?companyid=12994,Zimbabwe,2025-12-03T18:37:40.485315
Vals Panel Beaters Pvt Ltd.,,,,,,,https://thedirectory.co.zw/company.cfm?companyid=1538,Zimbabwe,2025-12-03T18:37:40.511310
Benosien Motors,,,,,,,https://thedirectory.co.zw/company.cfm?companyid=10334,Zimbabwe,2025-12-03T18:37:40.511927
Msasa Panel Beaters,,,,,,,https://thedirectory.co.zw/company.cfm?companyid=14999,Zimbabwe,2025-12-03T18:37:40.512553
Swiss Motors,,,,,,,https://thedirectory.co.zw/company.cfm?companyid=1092,Zimbabwe,2025-12-03T18:37:40.513169
Merchant Auto Services,,,,,,,https://thedirectory.co.zw/company.cfm?companyid=15362,Zimbabwe,2025-12-03T18:37:40.513769
S & S Panel Beaters,,,,,,,https://thedirectory.co.zw/company.cfm?companyid=955,Zimbabwe,2025-12-03T18:37:40.514372
Rard Fire Engineers (Pvt) Ltd,,,,,https://thedirectory.co.zw/company.cfm?companyid=8434,"Fire Fighting Equipment Supplies and Servicing, Fire Detection Systems Installation, Fire Suppression Systems Installation, Automatic Sprinkler Systems Installation",https://thedirectory.co.zw/company.cfm?companyid=8434,Zimbabwe,2025-12-03T18:37:45.690906
Rakiten Energy Solutions,,,,,,,https://thedirectory.co.zw/company.cfm?companyid=15267,Zimbabwe,2025-12-03T18:37:47.087836
Scribante Concrete,,,,,,,https://thedirectory.co.zw/company.cfm?companyid=14024,Zimbabwe,2025-12-03T18:37:47.095823
Tselentis Group (Pvt) Ltd,,,,,https://thedirectory.co.zw/company.cfm?companyid=5568,"Protective Clothing, Footwear and PPE",https://thedirectory.co.zw/company.cfm?companyid=5568,Zimbabwe,2025-12-03T18:37:49.077720
Auto Torque Pvt Ltd.,,,,,https://thedirectory.co.zw/company.cfm?companyid=2067,"Auto Electrical Accessories For Mining, Passenger Vehicles, Transport & Earth Moving Equipment",https://thedirectory.co.zw/company.cfm?companyid=2067,Zimbabwe,2025-12-03T18:37:50.228467
Metalflex Pvt Ltd.,,,,,https://thedirectory.co.zw/company.cfm?companyid=3641,Superior Urethane Products for both Mining and Agricultural Sectors. Plant & Equipment. Suspension Components for all Heavy & Light Vehicles.,https://thedirectory.co.zw/company.cfm?companyid=3641,Zimbabwe,2025-12-03T18:37:51.413868
G & S Chemicals,,,,,https://thedirectory.co.zw/company.cfm?companyid=15377,Manufacturer and Chemical Distributor,https://thedirectory.co.zw/company.cfm?companyid=15377,Zimbabwe,2025-12-03T18:37:52.945202
Metal Components Manufacturers,,,,,,,https://thedirectory.co.zw/company.cfm?companyid=11418,Zimbabwe,2025-12-03T18:37:53.166382
Mandebvu Contracting,,,,,,,https://thedirectory.co.zw/company.cfm?companyid=16553,Zimbabwe,2025-12-03T18:37:53.175242
Shape It Adhesives,,,,,,,https://thedirectory.co.zw/company.cfm?companyid=9847,Zimbabwe,2025-12-03T18:37:53.180053
Birmet Investments,,,,,,,https://thedirectory.co.zw/company.cfm?companyid=10934,Zimbabwe,2025-12-03T18:37:53.185757
Sinopower,,,,,,,https://thedirectory.co.zw/company.cfm?companyid=15281,Zimbabwe,2025-12-03T18:37:53.193076
Liberal Gold (Pvt) Ltd,,,,,,,https://thedirectory.co.zw/company.cfm?companyid=12696,Zimbabwe,2025-12-03T18:37:53.198155
Gainsborough Stationers,,,,,https://thedirectory.co.zw/company.cfm?companyid=1323,Stationers and Packaging,https://thedirectory.co.zw/company.cfm?companyid=1323,Zimbabwe,2025-12-03T18:37:58.464964
Bamm Stationers,,,,,https://thedirectory.co.zw/company.cfm?companyid=347,"Office, Art and Scholastic Stationery",https://thedirectory.co.zw/company.cfm?companyid=347,Zimbabwe,2025-12-03T18:38:00.981385
Art Attack,,,,,https://thedirectory.co.zw/company.cfm?companyid=5859,Art and Stationery Suppliers,https://thedirectory.co.zw/company.cfm?companyid=5859,Zimbabwe,2025-12-03T18:38:02.340944
Matingwina Investments,,,,,https://thedirectory.co.zw/company.cfm?companyid=17633,"We do typing, editing, printing, binding, repair of books, laminating, photocopying, certification of photocopies and other documents, scanning, emailing, browsing and downloading files, etc. We also sell stationery and other related products.",https://thedirectory.co.zw/company.cfm?companyid=17633,Zimbabwe,2025-12-03T18:38:04.353672
101 Stationers / The Art Room,,,,,,,https://thedirectory.co.zw/company.cfm?companyid=14890,Zimbabwe,2025-12-03T18:38:04.385499
Flashboss (Pvt) Ltd,,,,,,,https://thedirectory.co.zw/company.cfm?companyid=14071,Zimbabwe,2025-12-03T18:38:04.386121
Techno Logic,,,,,,,https://thedirectory.co.zw/company.cfm?companyid=12345,Zimbabwe,2025-12-03T18:38:04.386745
REALTIME DISTRIBUTORS (PVT) LTD,,,,,,,https://thedirectory.co.zw/company.cfm?companyid=15554,Zimbabwe,2025-12-03T18:38:04.387355
Interknot Bringing Together Technology,,,,,,,https://thedirectory.co.zw/company.cfm?companyid=18270,Zimbabwe,2025-12-03T18:38:04.387975
Taromeg Enterprises,,,,,,,https://thedirectory.co.zw/company.cfm?companyid=17683,Zimbabwe,2025-12-03T18:38:04.388598
Zelpac I.T & Printer Cartridges,,,,,https://thedirectory.co.zw/company.cfm?companyid=2596,"Your Personalised Computer & Office Equipment Store ""Going the Extra Mile""",https://thedirectory.co.zw/company.cfm?companyid=2596,Zimbabwe,2025-12-03T18:38:09.484389
Solution Centre,,,,,https://thedirectory.co.zw/company.cfm?companyid=117,"Apple Authorised Reseller, Service Provider and Training Centre - Adobe Authorised Reseller - Aruba Networks Silver Partner - Bose Authorised Reseller, Warranty Centre and Distribution Centre",https://thedirectory.co.zw/company.cfm?companyid=117,Zimbabwe,2025-12-03T18:38:11.235044
First Pack Services Pvt Ltd,,,,,https://thedirectory.co.zw/company.cfm?companyid=18511,"Computer hardware repair, service and maintenance",https://thedirectory.co.zw/company.cfm?companyid=18511,Zimbabwe,2025-12-03T18:38:12.553437
ColourMart Solutions P/L,,,,,https://thedirectory.co.zw/company.cfm?companyid=15923,Corporate Gifts,https://thedirectory.co.zw/company.cfm?companyid=15923,Zimbabwe,2025-12-03T18:38:14.272669
TVK Designs,,,,,,,https://thedirectory.co.zw/company.cfm?companyid=13221,Zimbabwe,2025-12-03T18:38:14.326101
F.I Laptops,,,,,,,https://thedirectory.co.zw/company.cfm?companyid=6023,Zimbabwe,2025-12-03T18:38:14.326750
The Gadgetszone Zimbabwe,,,,,,,https://thedirectory.co.zw/company.cfm?companyid=16088,Zimbabwe,2025-12-03T18:38:14.327376
Fuser Technologies (Pvt) Ltd,,,,,,,https://thedirectory.co.zw/company.cfm?companyid=9019,Zimbabwe,2025-12-03T18:38:14.327995
T-Shirt Boss,,,,,,,https://thedirectory.co.zw/company.cfm?companyid=10475,Zimbabwe,2025-12-03T18:38:14.329322
FlammeRouge Marketing,,,,,,,https://thedirectory.co.zw/company.cfm?companyid=15614,Zimbabwe,2025-12-03T18:38:14.330575
Kerzer Computers (Pvt) Ltd,,,,,,,https://thedirectory.co.zw/company.cfm?companyid=8141,Zimbabwe,2025-12-03T18:38:14.331482
eSys Electronics,,,,,,,https://thedirectory.co.zw/company.cfm?companyid=17022,Zimbabwe,2025-12-03T18:38:16.137393
Tintem Technologies (Pvt) Ltd,,,,,,,https://thedirectory.co.zw/company.cfm?companyid=18414,Zimbabwe,2025-12-03T18:38:16.138672
SAI Systems,,,,,,,https://thedirectory.co.zw/company.cfm?companyid=6045,Zimbabwe,2025-12-03T18:38:16.142014
"Dr. Mutizira, P.T.",,,,,,,https://thedirectory.co.zw/company.cfm?companyid=12344,Zimbabwe,2025-12-03T18:38:20.330678
Harvey Brown Dental,,,,,,,https://thedirectory.co.zw/company.cfm?companyid=12842,Zimbabwe,2025-12-03T18:38:20.331280
"Dr. Ismail, Naseer",,,,,,,https://thedirectory.co.zw/company.cfm?companyid=8128,Zimbabwe,2025-12-03T18:38:20.331877
AK Fencing And Construction,,,,,https://thedirectory.co.zw/company.cfm?companyid=18380,Fencing experts you can trust,https://thedirectory.co.zw/company.cfm?companyid=18380,Zimbabwe,2025-12-03T18:38:24.571176
Steel Warehouse,,,,,https://thedirectory.co.zw/company.cfm?companyid=9130,"Steel Merchant & stockist of all types of steel for engineering, agriculture, mining & construction. With the addition of a wide selection of hardware materials.",https://thedirectory.co.zw/company.cfm?companyid=9130,Zimbabwe,2025-12-03T18:38:25.770425
Barriertech Services (Pvt) Ltd,,,,,https://thedirectory.co.zw/company.cfm?companyid=296,Fencing Contractors,https://thedirectory.co.zw/company.cfm?companyid=296,Zimbabwe,2025-12-03T18:38:26.810477
Confide Engineering,,,,,https://thedirectory.co.zw/company.cfm?companyid=18240,Hospital Equipment; Catering Equipment; School Furniture; Fencing;,https://thedirectory.co.zw/company.cfm?companyid=18240,Zimbabwe,2025-12-03T18:38:28.492442
Mac Brothers Zimbabwe Pvt Ltd.,,,,,,,https://thedirectory.co.zw/company.cfm?companyid=5989,Zimbabwe,2025-12-03T18:38:28.528060
Wave and Equipment,,,,,,,https://thedirectory.co.zw/company.cfm?companyid=15707,Zimbabwe,2025-12-03T18:38:28.530422
Edisan Products,,,,,,,https://thedirectory.co.zw/company.cfm?companyid=1844,Zimbabwe,2025-12-03T18:38:28.532353
Circlecare Medical,,,,,,,https://thedirectory.co.zw/company.cfm?companyid=15917,Zimbabwe,2025-12-03T18:38:28.533265
Selfmed Customs Clearing,,,,,,,https://thedirectory.co.zw/company.cfm?companyid=15969,Zimbabwe,2025-12-03T18:38:30.967454
Ceva Logistics,,,,,,,https://thedirectory.co.zw/company.cfm?companyid=6308,Zimbabwe,2025-12-03T18:38:30.969443
Urban Freight Services (Pvt) Ltd,,,,,,,https://thedirectory.co.zw/company.cfm?companyid=1420,Zimbabwe,2025-12-03T18:38:30.970155
Bak Logistics,,,,,,,https://thedirectory.co.zw/company.cfm?companyid=2265,Zimbabwe,2025-12-03T18:38:30.970868
Customs Services Pvt Ltd.,,,,,,,https://thedirectory.co.zw/company.cfm?companyid=6169,Zimbabwe,2025-12-03T18:38:30.971494
Tiger Bricks & Quarry,,,,,https://thedirectory.co.zw/company.cfm?companyid=10278,Probably the Best Bricks in the World,https://thedirectory.co.zw/company.cfm?companyid=10278,Zimbabwe,2025-12-03T18:38:35.336528
Nash Paints,,,,,https://thedirectory.co.zw/company.cfm?companyid=2180,We paint your house on credit – Kochekera!,https://thedirectory.co.zw/company.cfm?companyid=2180,Zimbabwe,2025-12-03T18:38:37.115359
Steel Brands (Pvt) Ltd,,,,,,,https://thedirectory.co.zw/company.cfm?companyid=11740,Zimbabwe,2025-12-03T18:38:37.173178
Chazequip,,,,,,,https://thedirectory.co.zw/company.cfm?companyid=17823,Zimbabwe,2025-12-03T18:38:37.174150
Duraroof Zimbabwe Pvt Ltd.,,,,,,,https://thedirectory.co.zw/company.cfm?companyid=2927,Zimbabwe,2025-12-03T18:38:37.175953
Chroma Paints Pvt Ltd,,,,,,,https://thedirectory.co.zw/company.cfm?companyid=4501,Zimbabwe,2025-12-03T18:38:37.176812
Astra Paints (Kansai Plascon Zimbabwe),,,,,,,https://thedirectory.co.zw/company.cfm?companyid=1326,Zimbabwe,2025-12-03T18:38:37.177629
Bhola Hardware,,,,,https://thedirectory.co.zw/company.cfm?companyid=2512,The Hardware City,https://thedirectory.co.zw/company.cfm?companyid=2512,Zimbabwe,2025-12-03T18:38:38.898252
Andotti Supplies,,,,,,,https://thedirectory.co.zw/company.cfm?companyid=17155,Zimbabwe,2025-12-03T18:38:39.047575
Tool Exchange Hardware,,,,,,,https://thedirectory.co.zw/company.cfm?companyid=6273,Zimbabwe,2025-12-03T18:38:39.057714
N. Richards Wholesalers,,,,,,,https://thedirectory.co.zw/company.cfm?companyid=2032,Zimbabwe,2025-12-03T18:38:39.063811
Norman & Stockdale (Pvt) Ltd,,,,,https://thedirectory.co.zw/company.cfm?companyid=1355,Main Distributors of Mahle/Clevite Engine Spares for Cummins and Detroit Diesel Engines. Also Suppliers of Hydraulic Hoses 1/4 Inch - 2 Inch and Heat Resistant Hoses,https://thedirectory.co.zw/company.cfm?companyid=1355,Zimbabwe,2025-12-03T18:38:41.848877
Truckman Parts,,,,,https://thedirectory.co.zw/company.cfm?companyid=5653,"Trailer Parts, Truck Parts. General Engineering and Production Machining",https://thedirectory.co.zw/company.cfm?companyid=5653,Zimbabwe,2025-12-03T18:38:42.928743
Indale Enterprises Pvt Ltd.,,,,,https://thedirectory.co.zw/company.cfm?companyid=6250,American Truck Parts and trailer spares,https://thedirectory.co.zw/company.cfm?companyid=6250,Zimbabwe,2025-12-03T18:38:44.526816
Truck Assist,,,,,,,https://thedirectory.co.zw/company.cfm?companyid=18202,Zimbabwe,2025-12-03T18:38:44.550870
Archer/Paramount Clothing,,,,,,,https://thedirectory.co.zw/company.cfm?companyid=1591,Zimbabwe,2025-12-03T18:38:44.551535
MollyBee Electricals (PVT) LTD,,,,,,,https://thedirectory.co.zw/company.cfm?companyid=15676,Zimbabwe,2025-12-03T18:38:44.554745
AM Bus and Truck Accessories,,,,,https://thedirectory.co.zw/company.cfm?companyid=166,"Suppliers of DAF, Scania, Volvo, Merc, Renault, Iveco, MAN, Trailers and American Parts",https://thedirectory.co.zw/company.cfm?companyid=166,Zimbabwe,2025-12-03T18:38:46.053886
Network Parts Solutions,,,,,,,https://thedirectory.co.zw/company.cfm?companyid=15336,Zimbabwe,2025-12-03T18:38:46.094936
MR T35 ( Mr Tee Thirty Five Pvt Ltd),,,,,,,https://thedirectory.co.zw/company.cfm?companyid=7126,Zimbabwe,2025-12-03T18:38:46.096038
European Truck and Bus Spares (Pvt) Ltd,,,,,,,https://thedirectory.co.zw/company.cfm?companyid=10580,Zimbabwe,2025-12-03T18:38:46.097045
Drum City Pvt Ltd.,,,,,,,https://thedirectory.co.zw/company.cfm?companyid=1884,Zimbabwe,2025-12-03T18:38:46.098268
Lapcell,,,,,https://thedirectory.co.zw/company.cfm?companyid=17866,"Electronics, Laptops, Cellphones",https://thedirectory.co.zw/company.cfm?companyid=17866,Zimbabwe,2025-12-03T18:38:49.722229
The Cross Platform,,,,,https://thedirectory.co.zw/company.cfm?companyid=11870,"""Technical Expertise with a Personal Touch!"" Authorised ASUS, Canon & Brother Dealers, Microsoft partners and trusted re-sellers of various IT brands",https://thedirectory.co.zw/company.cfm?companyid=11870,Zimbabwe,2025-12-03T18:38:51.568180
Fineart Technologies (Pvt) Ltd,,,,,,,https://thedirectory.co.zw/company.cfm?companyid=9683,Zimbabwe,2025-12-03T18:38:51.595488
Stem Magnetics,,,,,,,https://thedirectory.co.zw/company.cfm?companyid=6701,Zimbabwe,2025-12-03T18:38:51.597427
FullStack!,,,,,,,https://thedirectory.co.zw/company.cfm?companyid=1,Zimbabwe,2025-12-03T18:38:53.814988
Wired Solutions,,,,,,,https://thedirectory.co.zw/company.cfm?companyid=15733,Zimbabwe,2025-12-03T18:38:53.830039
Trentyre Zimbabwe,,,,,https://thedirectory.co.zw/company.cfm?companyid=1098,Tyre Suppliers,https://thedirectory.co.zw/company.cfm?companyid=1098,Zimbabwe,2025-12-03T18:38:57.023052
Branch:,,,,,,Branch: Head Office,https://thedirectory.co.zw/company.cfm?companyid=6572,Zimbabwe,2025-12-03T18:39:03.914018
3,,,,,,,https://thedirectory.co.zw/spotlight-archive.cfm,Zimbabwe,2025-12-03T18:39:05.012080
The AIEC Story,,,,,,,https://thedirectory.co.zw/spotlight-view.cfm?interviewId=21,Zimbabwe,2025-12-03T18:39:05.013832
From After School Curiosities to Zimbabwe's Premier Business Directory,,,,,,,https://thedirectory.co.zw/spotlight-view.cfm?interviewId=15,Zimbabwe,2025-12-03T18:39:05.015326
Building Zimbabwe's Digital Future,,,,,,,https://thedirectory.co.zw/spotlight-view.cfm?interviewId=7,Zimbabwe,2025-12-03T18:39:05.016649
Instacare Medical Investments,,,,,https://thedirectory.co.zw/company.cfm?companyid=16383,Comprehensive healthcare solutions,https://thedirectory.co.zw/company.cfm?companyid=16383,Zimbabwe,2025-12-03T18:39:16.809963
BOC Zimbabwe Private Limited T/A BOC Gases,,,,,,,https://thedirectory.co.zw/company.cfm?companyid=1583,Zimbabwe,2025-12-03T18:39:16.837003
"Dr. Morgan, Glenn",,,,,,,https://thedirectory.co.zw/company.cfm?companyid=7944,Zimbabwe,2025-12-03T18:39:16.843106
Valley Fresh Pvt Ltd.,,,,,,,https://thedirectory.co.zw/company.cfm?companyid=6240,Zimbabwe,2025-12-03T18:39:16.845792
Focal Point Photographic,,,,,,,https://thedirectory.co.zw/company.cfm?companyid=4611,Zimbabwe,2025-12-03T18:39:16.847474
Gain Cash and Carry,,,,,,,https://thedirectory.co.zw/company.cfm?companyid=12370,Zimbabwe,2025-12-03T18:39:16.849747
Kefalos Cheese Products (Pvt) Ltd,,,,,,,https://thedirectory.co.zw/company.cfm?companyid=438,Zimbabwe,2025-12-03T18:39:16.850425
Product (Pvt) Ltd (Teeston Engineering),,,,,,,https://thedirectory.co.zw/company.cfm?companyid=1550,Zimbabwe,2025-12-03T18:39:16.852362
Paza Buster Car Sales (Pvt) Ltd.,,,,,,,https://thedirectory.co.zw/company.cfm?companyid=14743,Zimbabwe,2025-12-03T18:39:16.852987
Partrid Investments,,,,,https://thedirectory.co.zw/company.cfm?companyid=1474,"Suppliers of lifting and rigging equipment, forklift spares , truck spares, pressure gauges , installation & decommissioning of construction tower cranes.",https://thedirectory.co.zw/company.cfm?companyid=1474,Zimbabwe,2025-12-03T18:39:36.605203
Stanbic Bank Zimbabwe Limited,,,,,https://thedirectory.co.zw/company.cfm?companyid=5760,Bank,https://thedirectory.co.zw/company.cfm?companyid=5760,Zimbabwe,2025-12-03T18:39:38.230006
ZB Financial Holdings,,,,,,,https://thedirectory.co.zw/company.cfm?companyid=5785,Zimbabwe,2025-12-03T18:39:38.256916
CABS,,,,,,,https://thedirectory.co.zw/company.cfm?companyid=6948,Zimbabwe,2025-12-03T18:39:38.257523
Nedbank Zimbabwe Limited,,,,,,,https://thedirectory.co.zw/company.cfm?companyid=5641,Zimbabwe,2025-12-03T18:39:38.258138
CBZ Bank,,,,,,,https://thedirectory.co.zw/company.cfm?companyid=211,Zimbabwe,2025-12-03T18:39:38.258735
Banc ABC,,,,,,,https://thedirectory.co.zw/company.cfm?companyid=5699,Zimbabwe,2025-12-03T18:39:38.259323
Standard Chartered Bank,,,,,,,https://thedirectory.co.zw/company.cfm?companyid=5026,Zimbabwe,2025-12-03T18:39:38.260075
Tecnicare Dental Clinic,,,,,https://thedirectory.co.zw/company.cfm?companyid=18538,"Tecnicare Dental Clinic in Mutare offers gentle, modern, and family-friendly dental care. Led by Dr. Colleta Chikowore, we provide check-ups, cleanings, fillings, extractions, and restorative treatments in a comfortable, professional environment.",https://thedirectory.co.zw/company.cfm?companyid=18538,Zimbabwe,2025-12-03T18:39:39.899054
Bluffhill Motor Works,,,,,,,https://thedirectory.co.zw/company.cfm?companyid=6167,Zimbabwe,2025-12-03T18:39:39.923791
Prime Agro,,,,,,,https://thedirectory.co.zw/company.cfm?companyid=7700,Zimbabwe,2025-12-03T18:39:39.926406
SAWPOWER,,,,,,,https://thedirectory.co.zw/company.cfm?companyid=5199,Zimbabwe,2025-12-03T18:39:39.929687
AMES Engineering AMES Electrical Pvt Ltd.,,,,,,,https://thedirectory.co.zw/company.cfm?companyid=5116,Zimbabwe,2025-12-03T18:39:39.932898
Diagnostic Radiology & MRI Centre,,,,,,,https://thedirectory.co.zw/company.cfm?companyid=7660,Zimbabwe,2025-12-03T18:39:39.935330
NMB Bank Limited,,,,,https://thedirectory.co.zw/company.cfm?companyid=5027,Personalized focused financial services to selected corporates and individuals,https://thedirectory.co.zw/company.cfm?companyid=5027,Zimbabwe,2025-12-03T18:39:41.665522
ISESHER TREADS (PVT) LTD,,,,,https://thedirectory.co.zw/company.cfm?companyid=18521,"Isesher Treads sells tyres that are durable, affordable and on demand in Zimbabwe.Passenger, Light commercial vehicle, Truck & Buses, Tractors, Earth moving tyres and Accessories.",https://thedirectory.co.zw/company.cfm?companyid=18521,Zimbabwe,2025-12-03T18:39:43.681275
Radwave Enterprises (Pvt) Ltd,,,,,,,https://thedirectory.co.zw/company.cfm?companyid=15171,Zimbabwe,2025-12-03T18:39:43.718598
Tuff Industrials,,,,,,,https://thedirectory.co.zw/company.cfm?companyid=3067,Zimbabwe,2025-12-03T18:39:43.719381
Tineo Enterprises,,,,,,,https://thedirectory.co.zw/company.cfm?companyid=1967,Zimbabwe,2025-12-03T18:39:43.720230
Shift Tyres,,,,,,,https://thedirectory.co.zw/company.cfm?companyid=16375,Zimbabwe,2025-12-03T18:39:43.721121
Isuzu Centre,,,,,,,https://thedirectory.co.zw/company.cfm?companyid=2572,Zimbabwe,2025-12-03T18:39:43.722969
Map Pest Control Services,,,,,https://thedirectory.co.zw/company.cfm?companyid=18170,We can help you eliminate a wide range of common household pests.,https://thedirectory.co.zw/company.cfm?companyid=18170,Zimbabwe,2025-12-03T18:39:45.371326
MILLOR FUMIGATION SERVICES AND PEST CONTROL,,,,,,,https://thedirectory.co.zw/company.cfm?companyid=15656,Zimbabwe,2025-12-03T18:39:45.396997
PPCS - Premier Pest Control Services,,,,,,,https://thedirectory.co.zw/company.cfm?companyid=247,Zimbabwe,2025-12-03T18:39:45.398752
Roach Pest Control Solutions,,,,,,,https://thedirectory.co.zw/company.cfm?companyid=16877,Zimbabwe,2025-12-03T18:39:45.399601
Batechem,,,,,,,https://thedirectory.co.zw/company.cfm?companyid=6864,Zimbabwe,2025-12-03T18:39:45.400895
PROZAC ENTERPRISES PVT.LTD,,,,,,,https://thedirectory.co.zw/company.cfm?companyid=9161,Zimbabwe,2025-12-03T18:39:45.401772
The Bugmen Pvt Ltd,,,,,,,https://thedirectory.co.zw/company.cfm?companyid=13103,Zimbabwe,2025-12-03T18:39:45.402634
Pittosrum Fumigation Services,,,,,,,https://thedirectory.co.zw/company.cfm?companyid=5619,Zimbabwe,2025-12-03T18:39:45.403483
Topchem,,,,,,,https://thedirectory.co.zw/company.cfm?companyid=7073,Zimbabwe,2025-12-03T18:39:45.404340
Perfect PestControl Zimbabwe (PVT) Ltd,,,,,,,https://thedirectory.co.zw/company.cfm?companyid=10347,Zimbabwe,2025-12-03T18:39:45.405201
Cafe Espresso,,,,,https://thedirectory.co.zw/company.cfm?companyid=4844,Cafe,https://thedirectory.co.zw/company.cfm?companyid=4844,Zimbabwe,2025-12-03T18:39:46.855825
The Bottom Drawer,,,,,,,https://thedirectory.co.zw/company.cfm?companyid=5818,Zimbabwe,2025-12-03T18:39:46.880129
Zimbarista (Pvt) Ltd,,,,,,,https://thedirectory.co.zw/company.cfm?companyid=9681,Zimbabwe,2025-12-03T18:39:46.881395
Pistachio,,,,,,,https://thedirectory.co.zw/company.cfm?companyid=6073,Zimbabwe,2025-12-03T18:39:46.882009
Mugg & Bean,,,,,,,https://thedirectory.co.zw/company.cfm?companyid=8768,Zimbabwe,2025-12-03T18:39:46.882629
Maize & Mingle Cafe,,,,,,,https://thedirectory.co.zw/company.cfm?companyid=18003,Zimbabwe,2025-12-03T18:39:46.883246
Chop Chop,,,,,,,https://thedirectory.co.zw/company.cfm?companyid=12668,Zimbabwe,2025-12-03T18:39:46.883850
Café Veldemeers,,,,,,,https://thedirectory.co.zw/company.cfm?companyid=10021,Zimbabwe,2025-12-03T18:39:46.884460
Raw Roots Co Cafe,,,,,,,https://thedirectory.co.zw/company.cfm?companyid=17377,Zimbabwe,2025-12-03T18:39:46.885058
Aroma Caffe,,,,,,,https://thedirectory.co.zw/company.cfm?companyid=8590,Zimbabwe,2025-12-03T18:39:46.885807
Trinity Pharmacy,,,,,https://thedirectory.co.zw/company.cfm?companyid=3107,Caring beyond prescriptions (Curam ultra praescritum),https://thedirectory.co.zw/company.cfm?companyid=3107,Zimbabwe,2025-12-03T18:39:48.148842
Donini Dry Cleaners,,,,,https://thedirectory.co.zw/company.cfm?companyid=2133,Laundry and Dry Cleaning Services,https://thedirectory.co.zw/company.cfm?companyid=2133,Zimbabwe,2025-12-03T18:40:26.958237
Caterwise,,,,,https://thedirectory.co.zw/company.cfm?companyid=12368,"Buy Wise, Buy Caterwise! Wholesale and Retail operation: Dry goods groceries & Dairy. Over 7,900 active product codes, and growing.",https://thedirectory.co.zw/company.cfm?companyid=12368,Zimbabwe,2025-12-03T18:40:29.769265
Seapride Foods,,,,,,,https://thedirectory.co.zw/company.cfm?companyid=7912,Zimbabwe,2025-12-03T18:40:29.796326
Envirosure Services,,,,,,,https://thedirectory.co.zw/company.cfm?companyid=6494,Zimbabwe,2025-12-03T18:40:29.796937
Nestle Zimbabwe (Pvt) Ltd,,,,,,,https://thedirectory.co.zw/company.cfm?companyid=11319,Zimbabwe,2025-12-03T18:40:29.797547
TM Pick n Pay,,,,,,,https://thedirectory.co.zw/company.cfm?companyid=5445,Zimbabwe,2025-12-03T18:40:29.798149
Royal Decaux (Pvt) Ltd,,,,,,,https://thedirectory.co.zw/company.cfm?companyid=15507,Zimbabwe,2025-12-03T18:40:29.798751
The Silver Platter (PVT),,,,,,,https://thedirectory.co.zw/company.cfm?companyid=8501,Zimbabwe,2025-12-03T18:40:29.799969
Mr. Sauce,,,,,,,https://thedirectory.co.zw/company.cfm?companyid=9251,Zimbabwe,2025-12-03T18:40:29.800591
THI Insurance,,,,,https://thedirectory.co.zw/company.cfm?companyid=3959,Insuring your peace of mind is just part of our policy,https://thedirectory.co.zw/company.cfm?companyid=3959,Zimbabwe,2025-12-03T18:40:31.290475
Eaton and Youngs Pvt Ltd.,,,,,,,https://thedirectory.co.zw/company.cfm?companyid=5732,Zimbabwe,2025-12-03T18:40:31.317580
Biddulphs International,,,,,,,https://thedirectory.co.zw/company.cfm?companyid=5563,Zimbabwe,2025-12-03T18:40:31.318690
Hunt Adams and Associates (Pvt) Ltd,,,,,,,https://thedirectory.co.zw/company.cfm?companyid=8466,Zimbabwe,2025-12-03T18:40:31.319350
Perpro Insurance Brokers (Pvt) Ltd.,,,,,,,https://thedirectory.co.zw/company.cfm?companyid=17948,Zimbabwe,2025-12-03T18:40:31.320576
Global Risk Underwriting Managers (Pvt) Ltd,,,,,,,https://thedirectory.co.zw/company.cfm?companyid=12929,Zimbabwe,2025-12-03T18:40:31.321188
Zimnat,,,,,,,https://thedirectory.co.zw/company.cfm?companyid=9672,Zimbabwe,2025-12-03T18:40:31.321903
HRIB Pvt Ltd.,,,,,,,https://thedirectory.co.zw/company.cfm?companyid=5075,Zimbabwe,2025-12-03T18:40:31.322839
Quality Insurance Company (Pvt) Ltd.,,,,,,,https://thedirectory.co.zw/company.cfm?companyid=15876,Zimbabwe,2025-12-03T18:40:31.323490
Ctrack Zimbabwe,,,,,,,https://thedirectory.co.zw/company.cfm?companyid=8694,Zimbabwe,2025-12-03T18:40:31.324113
OverNight Express,,,,,https://thedirectory.co.zw/company.cfm?companyid=4710,Recent Winners of 8 National Awards in this industry. Leading freight and courier service provider. Services all the main centres in Zimbabwe.,https://thedirectory.co.zw/company.cfm?companyid=4710,Zimbabwe,2025-12-03T18:40:32.825044
Zimbabwe Excellent Plumbers Pvt Ltd.,,,,,,,https://thedirectory.co.zw/company.cfm?companyid=2308,Zimbabwe,2025-12-03T18:40:35.303878
The Shutter Door Company,,,,,,,https://thedirectory.co.zw/company.cfm?companyid=446,Zimbabwe,2025-12-03T18:40:35.304584
Archive-It Services,,,,,,,https://thedirectory.co.zw/company.cfm?companyid=1324,Zimbabwe,2025-12-03T18:40:35.307221
Silver Creations Pvt Ltd.,,,,,,,https://thedirectory.co.zw/company.cfm?companyid=4289,Zimbabwe,2025-12-03T18:40:39.567473
Wethergate Safety Products,,,,,,,https://thedirectory.co.zw/company.cfm?companyid=8717,Zimbabwe,2025-12-03T18:40:39.571921
Dicomm - Direct Communication (Pvt) Ltd,,,,,,,https://thedirectory.co.zw/company.cfm?companyid=5058,Zimbabwe,2025-12-03T18:40:39.576040
STIHL,,,,,,,https://thedirectory.co.zw/company.cfm?companyid=12097,Zimbabwe,2025-12-03T18:40:39.579788
Cardpro,,,,,,,https://thedirectory.co.zw/company.cfm?companyid=1255,Zimbabwe,2025-12-03T18:40:41.754814
Waverley Blankets Pvt Ltd.,,,,,,,https://thedirectory.co.zw/company.cfm?companyid=2127,Zimbabwe,2025-12-03T18:40:41.756850
CAAPS,,,,,,,https://thedirectory.co.zw/company.cfm?companyid=17596,Zimbabwe,2025-12-03T18:40:41.760559
S&P Logistics,,,,,,,https://thedirectory.co.zw/company.cfm?companyid=7104,Zimbabwe,2025-12-03T18:40:44.206487
J Mann Power Transmission Pvt Ltd.,,,,,,,https://thedirectory.co.zw/company.cfm?companyid=1634,Zimbabwe,2025-12-03T18:40:45.986753
Seedling Express,,,,,,,https://thedirectory.co.zw/company.cfm?companyid=14175,Zimbabwe,2025-12-03T18:40:45.987439
The Biotech Institute,,,,,,,https://thedirectory.co.zw/company.cfm?companyid=15428,Zimbabwe,2025-12-03T18:40:49.428280
MiJOBmatch,,,,,,,https://thedirectory.co.zw/company.cfm?companyid=18509,Zimbabwe,2025-12-03T18:40:49.428944
Netrade Commodities t/a Saltworx,,,,,,,https://thedirectory.co.zw/company.cfm?companyid=7296,Zimbabwe,2025-12-03T18:40:49.431062
"Dr. Gunning, A. J.",,,,,,,https://thedirectory.co.zw/company.cfm?companyid=5412,Zimbabwe,2025-12-03T18:40:51.101956
Blinds Designs,,,,,,,https://thedirectory.co.zw/company.cfm?companyid=134,Zimbabwe,2025-12-03T18:40:51.103435
HealthPoint,,,,,,,https://thedirectory.co.zw/company.cfm?companyid=1196,Zimbabwe,2025-12-03T18:40:51.105148
Domboshava MedClinic Maternity Hospital,,,,,,,https://thedirectory.co.zw/company.cfm?companyid=17260,Zimbabwe,2025-12-03T18:40:53.197813
Wellpure,,,,,,,https://thedirectory.co.zw/company.cfm?companyid=2031,Zimbabwe,2025-12-03T18:40:55.258536
Jericho Communication (Pvt) Ltd,,,,,,,https://thedirectory.co.zw/company.cfm?companyid=7676,Zimbabwe,2025-12-03T18:40:55.259498
AIEC - Schoolbooks 4 Africa,,,,,,,https://thedirectory.co.zw/company.cfm?companyid=6572,Zimbabwe,2025-12-03T18:40:59.287609
Gunhill Pharmacy,,,,,,,https://thedirectory.co.zw/company.cfm?companyid=18426,Zimbabwe,2025-12-03T18:41:09.152935
Tile & Carpet,,,,,,,https://thedirectory.co.zw/company.cfm?companyid=2359,Zimbabwe,2025-12-03T18:41:13.570299
Aligator Irrigation,,,,,,,https://thedirectory.co.zw/company.cfm?companyid=1294,Zimbabwe,2025-12-03T18:41:15.406259
Lathe and Patricks Engineering,,,,,,,https://thedirectory.co.zw/company.cfm?companyid=2012,Zimbabwe,2025-12-03T18:41:17.471826
Lancet Clinical Laboratories,,,,,,,https://thedirectory.co.zw/company.cfm?companyid=7474,Zimbabwe,2025-12-03T18:41:23.244760
Woodtec (Pvt) Ltd,,,,,,,https://thedirectory.co.zw/company.cfm?companyid=7862,Zimbabwe,2025-12-03T18:41:30.869553
Laserpower,,,,,,,https://thedirectory.co.zw/company.cfm?companyid=13725,Zimbabwe,2025-12-03T18:41:34.472476
Carpet Guru Pvt Ltd.,,,,,,,https://thedirectory.co.zw/company.cfm?companyid=3979,Zimbabwe,2025-12-03T18:41:36.546519
Crystal Candy,,,,,,,https://thedirectory.co.zw/company.cfm?companyid=1465,Zimbabwe,2025-12-03T18:41:38.082151
Waverley Plastics Pvt Ltd.,,,,,,,https://thedirectory.co.zw/company.cfm?companyid=5832,Zimbabwe,2025-12-03T18:41:38.086868
Flint Electrical Suppliers,,,,,,,https://thedirectory.co.zw/company.cfm?companyid=1376,Zimbabwe,2025-12-03T18:41:38.096902
Mikes Radiators,,,,,,,https://thedirectory.co.zw/company.cfm?companyid=1558,Zimbabwe,2025-12-03T18:41:40.008576
Waterwright Irrigation (Pvt) Ltd,,,,,https://thedirectory.co.zw/company.cfm?companyid=5886,Irrigation Systems,https://thedirectory.co.zw/company.cfm?companyid=5886,Zimbabwe,2025-12-03T18:41:47.585371
Safeguard Security Services (Pvt) Ltd,,,,,https://thedirectory.co.zw/company.cfm?companyid=2735,24hr Security Company,https://thedirectory.co.zw/company.cfm?companyid=2735,Zimbabwe,2025-12-03T18:41:48.743439
Build Your Digital Presence on Zimbabwe's Leading Business Platform,,,,,,The Directory gives your business a powerful online presence that works for you 24/7. Showcase everything your customers need to know:,https://thedirectory.co.zw/business-add-company.cfm,Zimbabwe,2025-12-03T18:41:56.351181
How Company Reputation Scores Work,,,,,https://en.wikipedia.org/wiki/Binomial_proportion_confidence_interval,,https://thedirectory.co.zw/business-reputation.cfm,Zimbabwe,2025-12-03T18:41:57.837916
Example Comparisons,,,,,,,https://thedirectory.co.zw/business-reputation.cfm,Zimbabwe,2025-12-03T18:41:57.839058
Understanding Your Score,,,,,,"Company Reputation system ensures our Reputation Scores provide meaningful, trustworthy information while being fair to businesses at all stages of their journey on TheDirectory.co.zw",https://thedirectory.co.zw/business-reputation.cfm,Zimbabwe,2025-12-03T18:41:57.839836
Best Practices,,,,,,,https://thedirectory.co.zw/business-reputation.cfm,Zimbabwe,2025-12-03T18:41:57.841105
Key Things to Remember,,,,,,,https://thedirectory.co.zw/business-reputation.cfm,Zimbabwe,2025-12-03T18:41:57.841788
How Voting Works,,,,,,Click the thumbs up to recommend a business you've had a positive experience with.,https://thedirectory.co.zw/directory-kudos.cfm,Zimbabwe,2025-12-03T18:41:58.895863
Your Privacy is Protected,,,,,,,https://thedirectory.co.zw/directory-kudos.cfm,Zimbabwe,2025-12-03T18:41:58.896476
The Problem with Simple Percentages,,,,,,Consider these examples:,https://thedirectory.co.zw/directory-kudos.cfm,Zimbabwe,2025-12-03T18:41:58.896973
For Customers,,,,,,,https://thedirectory.co.zw/directory-kudos.cfm,Zimbabwe,2025-12-03T18:41:58.897659
For Businesses,,,,,,,https://thedirectory.co.zw/directory-kudos.cfm,Zimbabwe,2025-12-03T18:41:58.898358
For The Community,,,,,,,https://thedirectory.co.zw/directory-kudos.cfm,Zimbabwe,2025-12-03T18:41:58.899158
For Business Owners,,,,,,,https://thedirectory.co.zw/directory-kudos.cfm,Zimbabwe,2025-12-03T18:41:58.900766
Score Ranges,,,,,,,https://thedirectory.co.zw/directory-kudos.cfm,Zimbabwe,2025-12-03T18:41:58.902589
Disclaimer,,,,,,You will be asked for personal information if you wish to take advantage of specific services that we offer such as information requests via the website.,https://thedirectory.co.zw/cdn-cgi/l/email-protection,Zimbabwe,2025-12-03T18:42:00.463265
Accuracy,,,,,,"The Webmaster of this website cannot accept any legal responsibility for the accuracy of the advertisements, or any alleged breaches of contract on an advertiser's part and the advertiser indemnifies The Webmaster of this website against all costs, expenses and losses arising out of a claim relating to the content of an advertisement. Advertisers are responsible for keeping their availability accurate and up-to-date by informing the Webmaster of this website of any bookings. Advertisers should i",https://thedirectory.co.zw/review-policy.cfm,Zimbabwe,2025-12-03T18:42:01.460280
Medlive Marketing Pvt Ltd,,,,,https://thedirectory.co.zw/company.cfm?companyid=9648,"Medlive Marketing is a medical supplier that supplies medical equipment, surgical products, hospital equipment, theater products , hospital furniture, laboratory equipment and pharmaceutical products.",https://thedirectory.co.zw/company.cfm?companyid=9648,Zimbabwe,2025-12-03T18:42:14.442926
Electro Mechanica,,,,,https://thedirectory.co.zw/company.cfm?companyid=3969,Electrical Switchgear,https://thedirectory.co.zw/company.cfm?companyid=3969,Zimbabwe,2025-12-03T18:42:18.080675
Axis Solutions,,,,,https://thedirectory.co.zw/company.cfm?companyid=7545,Mobility;Agility;Security,https://thedirectory.co.zw/company.cfm?companyid=7545,Zimbabwe,2025-12-03T18:42:18.218088
Drip Tech Irrigation,,,,,https://thedirectory.co.zw/company.cfm?companyid=1396,"Specialists in Centre Pivot Irrigation, Borehole Pumps and Motors, Booster Pumps, Garden Irrigation, Pipes & Fittings and Drip Irrigation Systems",https://thedirectory.co.zw/company.cfm?companyid=1396,Zimbabwe,2025-12-03T18:42:18.240878
Wild Geese Lodge,,,,,https://thedirectory.co.zw/company.cfm?companyid=235,"Your Corporate Destination, Weddings and Functions Venue",https://thedirectory.co.zw/company.cfm?companyid=235,Zimbabwe,2025-12-03T18:42:18.605570
Friend Animal Foundation,,,,,https://thedirectory.co.zw/company.cfm?companyid=10768,No-kill sanctuary for unwanted and abandoned pets and domestic animals.,https://thedirectory.co.zw/company.cfm?companyid=10768,Zimbabwe,2025-12-03T18:42:19.104076
Inkvantage,,,,,https://thedirectory.co.zw/company.cfm?companyid=18468,"One Stop Cartridges, Printers, Computers Store & Trusted Technology Partner!",https://thedirectory.co.zw/company.cfm?companyid=18468,Zimbabwe,2025-12-03T18:42:24.111194
Madison Solar Engineering,,,,,https://thedirectory.co.zw/company.cfm?companyid=11893,"Solar Power Suppliers who design and engineer high quality professional Turn-Key, Grid-Tied and Off-Grid Solar PV systems and renewable energy solutions. Victron Energy & Sunsynk Installer.",https://thedirectory.co.zw/company.cfm?companyid=11893,Zimbabwe,2025-12-03T18:42:29.960448
Bathroom Boutique,,,,,https://thedirectory.co.zw/company.cfm?companyid=103,Quality Tiles and Bathroom Finishings,https://thedirectory.co.zw/company.cfm?companyid=103,Zimbabwe,2025-12-03T18:42:38.198107
Alvy Rubber Stamps,,,,,https://thedirectory.co.zw/company.cfm?companyid=12507,"Alvy Rubber Stamps for all your rubber stamps, stamp accessories, heavy duty industrial encoding stamps,stamp pad ink, quick dry permanent inks, name badges engraving services.",https://thedirectory.co.zw/company.cfm?companyid=12507,Zimbabwe,2025-12-03T18:42:40.172814
Broksure Insurance Brokers,,,,,https://thedirectory.co.zw/company.cfm?companyid=17139,Insurance and Risk Consultants,https://thedirectory.co.zw/company.cfm?companyid=17139,Zimbabwe,2025-12-03T18:42:42.052895
Ace Industrial,,,,,https://thedirectory.co.zw/company.cfm?companyid=17717,Hardware,https://thedirectory.co.zw/company.cfm?companyid=17717,Zimbabwe,2025-12-03T18:42:42.055653
Woodworking Machinery Supplies,,,,,https://thedirectory.co.zw/company.cfm?companyid=1719,Suppliers of All Wood Working Machinery,https://thedirectory.co.zw/company.cfm?companyid=1719,Zimbabwe,2025-12-03T18:42:43.464565
Tudely Butchery,,,,,https://thedirectory.co.zw/company.cfm?companyid=1408,A Cut Above the Rest. We are a family run butchery and stock only the best meat in town.,https://thedirectory.co.zw/company.cfm?companyid=1408,Zimbabwe,2025-12-03T18:42:45.168633
Exochic,,,,,https://thedirectory.co.zw/company.cfm?companyid=2928,"Designers & Manufacturers, Custom Made Teak Products, Bespoke Fine Wrought Iron, Mesh Wire Display Shelving",https://thedirectory.co.zw/company.cfm?companyid=2928,Zimbabwe,2025-12-03T18:42:47.398796
Shelvit (Pvt) Ltd,,,,,https://thedirectory.co.zw/company.cfm?companyid=7863,"Industrial Shelving & Racking, Supermarket & Display Shelving, Mezzanine Floors, Supermarket Trolleys:140 litre–210 litre, Basket Trolleys, Wire & Plastic Grab Baskets & Heavy Duty Warehouse Trolleys.",https://thedirectory.co.zw/company.cfm?companyid=7863,Zimbabwe,2025-12-03T18:42:50.649846
Website Sign In.,,,,,,,https://thedirectory.co.zw/business-add-company.cfm,Zimbabwe,2025-12-03T18:42:50.993739
Laptops Direct,,,,,https://thedirectory.co.zw/company.cfm?companyid=285,Computer Hardware and IT Specialists,https://thedirectory.co.zw/company.cfm?companyid=285,Zimbabwe,2025-12-03T18:42:53.338172
Argyle Apartments,,,,,https://thedirectory.co.zw/company.cfm?companyid=8164,"Affordable, Furnished and Self Catering Apartments",https://thedirectory.co.zw/company.cfm?companyid=8164,Zimbabwe,2025-12-03T18:42:55.017622
Pest Hunters Fumigators,,,,,https://thedirectory.co.zw/company.cfm?companyid=14120,"We are specialist in controlling termites, cockroaches, mosquitoes, bee removal, rodents,spiders,crickets,lawn weeding, caterpillars etc. All fumigation services in Industrial, Commercial & household",https://thedirectory.co.zw/company.cfm?companyid=14120,Zimbabwe,2025-12-03T18:43:05.672747
Christian Counselling Centre,,,,,https://thedirectory.co.zw/company.cfm?companyid=459,"Counselling, Counsellor Training & Courses / Seminars",https://thedirectory.co.zw/company.cfm?companyid=459,Zimbabwe,2025-12-03T18:43:10.379704
Garaquip,,,,,https://thedirectory.co.zw/company.cfm?companyid=1865,Fuel and Oil Handling Equipment. Construction,https://thedirectory.co.zw/company.cfm?companyid=1865,Zimbabwe,2025-12-03T18:43:14.327773
Adept Solutions,,,,,https://thedirectory.co.zw/company.cfm?companyid=15613,"IT training, Examinations, Certification",https://thedirectory.co.zw/company.cfm?companyid=15613,Zimbabwe,2025-12-03T18:43:15.382541
Chiedza Kambasha Property Group,,,,,https://thedirectory.co.zw/company.cfm?companyid=18221,Luxury Real Estate In Zimbabwe And Across The World,https://thedirectory.co.zw/company.cfm?companyid=18221,Zimbabwe,2025-12-03T18:43:15.867638
The Directory Review Policy | theDirectory.co.zw,,,,,,,https://thedirectory.co.zw/review-policy.cfm,Zimbabwe,2025-12-03T18:43:17.290917
Chipshow Tours,,,,,https://thedirectory.co.zw/company.cfm?companyid=17076,"Car & Bus Hire ""Your partners for safe, reliable and comfortable passenger transportation""",https://thedirectory.co.zw/company.cfm?companyid=17076,Zimbabwe,2025-12-03T18:43:19.795350
Rooneys Hire Service,,,,,https://thedirectory.co.zw/company.cfm?companyid=2399,"For all your wedding and event hiring needs, think Rooneys the Hiring Specialists",https://thedirectory.co.zw/company.cfm?companyid=2399,Zimbabwe,2025-12-03T18:43:19.947076
ZimPlaza,,,,,https://www.zimplaza.co.zw/,,https://www.zimplaza.co.zw/listing/zimyellowpage/,Zimbabwe,2025-12-03T18:43:25.536241
Accommodation & Lodges in Zimbabwe,,,,,,,https://www.zimplaza.co.zw/listingcategory/accommodation-lodges/,Zimbabwe,2025-12-03T18:43:28.583997
Agriculture & Farming in Zimbabwe,,,,,,,https://www.zimplaza.co.zw/listingcategory/agriculture-farming/,Zimbabwe,2025-12-03T18:43:28.584744
Associations & NGOs in Zimbabwe,,,,,,,https://www.zimplaza.co.zw/listingcategory/associations-ngos/,Zimbabwe,2025-12-03T18:43:28.585481
Computers & Electronics Companies in Zimbabwe,,,,,,,https://www.zimplaza.co.zw/listingcategory/computers-and-electronics/,Zimbabwe,2025-12-03T18:43:28.586245
Construction & Engineering Companies in Zimbabwe,,,,,,,https://www.zimplaza.co.zw/listingcategory/construction-engineering/,Zimbabwe,2025-12-03T18:43:28.586995
Government & Parastatals in Zimbabwe,,,,,,,https://www.zimplaza.co.zw/listingcategory/government-parastatals/,Zimbabwe,2025-12-03T18:43:28.587758
Health & Medical Services in Zimbabwe,,,,,,,https://www.zimplaza.co.zw/listingcategory/health-medical-services/,Zimbabwe,2025-12-03T18:43:28.588506
Industry & Manufacturing companies in Zimbabwe,,,,,,,https://www.zimplaza.co.zw/listingcategory/industry-manufacturing/,Zimbabwe,2025-12-03T18:43:28.589261
Places & Entertainment in Zimbabwe,,,,,,,https://www.zimplaza.co.zw/listingcategory/places-entertainment/,Zimbabwe,2025-12-03T18:43:28.590014
"Shops, Retailers & Wholesalers in Zimbabwe",,,,,,,https://www.zimplaza.co.zw/listingcategory/shops-retailers-wholesalers/,Zimbabwe,2025-12-03T18:43:28.590761
Specialist Services in Zimbabwe,,,,,,,https://www.zimplaza.co.zw/listingcategory/specialist-services/,Zimbabwe,2025-12-03T18:43:28.591515
Training & Educational Services in Zimbabwe,,,,,,,https://www.zimplaza.co.zw/listingcategory/training-educational-services/,Zimbabwe,2025-12-03T18:43:28.592272
Sparkys Auto Shop,,,,,,,https://www.zimplaza.co.zw/listing/sparkys-auto-shop/,Zimbabwe,2025-12-03T18:43:42.454897
About MIAZ,,,,Click to email a link to a friend (Opens in new window) Email,,"The Motor Industry Association of Zimbabwe (formerly Motor Trade Association of Zimbabwe) is an association of long standing having been registered in Bulawayo on 6th of February 1933. It is well known to the public, Government and various sectors of commerce and industry. It exists for the benefit of members and the motor trade as a whole in endeavouring to maintain a high standard of service to the public and assist members wherever possible. The Association has a secretarial office and an Are",https://www.zimplaza.co.zw/listing/motor-industry-association-of-zimbabwe/#print?share=print,Zimbabwe,2025-12-03T18:45:08.163118
Aims and Objectives,,,,,,"The Motor Industry Association of Zimbabwe (formerly Motor Trade Association of Zimbabwe) is an association of long standing having been registered in Bulawayo on 6th of February 1933. It is well known to the public, Government and various sectors of commerce and industry. It exists for the benefit of members and the motor trade as a whole in endeavouring to maintain a high standard of service to the public and assist members wherever possible. The Association has a secretarial office and an Are",https://www.zimplaza.co.zw/listing/motor-industry-association-of-zimbabwe/,Zimbabwe,2025-12-03T18:45:08.166704
Meg’s Treats,,,,,,,https://www.zimplaza.co.zw/listing/megs-treats/,Zimbabwe,2025-12-03T18:48:00.472407
PROfeed,,,,,,,https://www.zimplaza.co.zw/listing/profeed/,Zimbabwe,2025-12-03T18:52:12.310970
FeedMix,,,,,,,https://www.zimplaza.co.zw/listing/feedmix/,Zimbabwe,2025-12-03T18:52:12.311513
Tractor Provider,,,,,,,https://www.zimplaza.co.zw/listing/tractor-provider/,Zimbabwe,2025-12-03T18:52:14.764257
Christ Embassy Zimbabwe,,,,,,,https://www.zimplaza.co.zw/listing/christ-embassy-zimbabwe/,Zimbabwe,2025-12-03T18:52:30.725065
Our Background,,,,Click to email a link to a friend (Opens in new window) Email,http://www.alliance.org.za/,"In 1883 eminent figures of the Art, the sciences, and politics, such as Jules Verne and Louis Pasteur, along with other illustrious visionaries, designed the structure for the Alliance Française to ensure the presence of French language and culture around the world. Nowadays, the Alliance Française network still promotes French language but also francophone as well as local cultures in a permanent and enriching dialogue.",https://www.zimplaza.co.zw/listing/alliance-francaise/#print?share=print,Zimbabwe,2025-12-03T19:04:20.905063
Background,,,,Click to email a link to a friend (Opens in new window) Email,,Africa Aluminium (Private) Limited trading as Africa Aluminium & Glass was incorporated in 2015 in Zimbabwe. Africa Aluminium is a leading aluminium retail company that supply a wide range of top quality aluminium profiles at competitive prices to corporate and individual clients.,https://www.zimplaza.co.zw/listing/africa-aluminium/#print?share=print,Zimbabwe,2025-12-03T19:09:00.096844
We are an International company specialising in the recalculation of interest charged on Bank Accounts. Are you aware are that 95% of Bank Accounts investigated so far have revealed gross errors in the calculation of interest.,,,,Click to email a link to a friend (Opens in new window) Email,,,https://www.zimplaza.co.zw/listing/interest-research-bureau-zimbabwe/#print?share=print,Zimbabwe,2025-12-03T19:12:13.596704
Services,,,,Click to email a link to a friend (Opens in new window) Email,,"AluZim (Pvt) Ltd was established in Zimbabwe in 2013 and started its operations in 2016.The vision however was born in Botswana in 2004,starting as a construction firm and later becoming fenestration experts in architectural aluminium and glass,shopfitting and joinery.Today AluZim has become synonymous with high quality finishes at most affordable prices.Hence our motto”..the attention to detail..”",https://www.zimplaza.co.zw/listing/aluzim-zimbabwe-aluminium-windows/#print?share=print,Zimbabwe,2025-12-03T19:12:22.080012
ABOUT,,,,Click to email a link to a friend (Opens in new window) Email,,"Vision Aluminium Pvt Ltd started in 2014 .We are company of Aluminium specialist which deals with aluminium sliding doors, windows ,shower cubicles ,roof lights, office partitioning and ceilings .",https://www.zimplaza.co.zw/listing/vision-aluminium/#print?share=print,Zimbabwe,2025-12-03T19:15:41.876737
Led Travel & Tours,,,,,,,https://www.zimplaza.co.zw/listing/led-travel-tours/,Zimbabwe,2025-12-03T19:18:16.383377
VISION / MISSION / SHARED VALUES,,,,Click to email a link to a friend (Opens in new window) Email,,"The Zimbabwe Open University (ZOU) is a State University mandated by the government of Zimbabwe through an Act of Parliament, ZOU Act (Chapter 25:20) to provide Higher Education through Open and Distance Learning (ODL).",https://www.zimplaza.co.zw/listing/zimbabwe-open-university/#print?share=print,Zimbabwe,2025-12-03T19:19:19.071563
Breakfast,,,,Click to email a link to a friend (Opens in new window) Email,,"The most important meal of the day, we have a selection of freshly made breakfasts, Or fresh fruit pots, perfect with a hot cup of coffee or freshly squeezed Fruit juice on the side. Or enjoy one of our many homemade baked goods while you read the morning paper.",https://www.zimplaza.co.zw/listing/tinkabell/#print?share=print,Zimbabwe,2025-12-03T19:22:01.918479
Spurwing Island,,,,Click to email a link to a friend (Opens in new window) Email,http://spurwing.36degreessouth.co.za/?page_id=834,"Spurwing Island is ideally situated in the middle of Lake Kariba. We offer a variety of accommodation packages, meals, and a variety of activities. We boast incredible views, amazing fishing experiences, and some of the best game viewing the continent has to offer. Spurwing Island aims to be your home-away-from-home and strives to make you feel welcome and comfortable in our homely-style accommodation and facilities.",https://www.zimplaza.co.zw/listing/spurwing-island/#print?share=print,Zimbabwe,2025-12-03T19:22:07.058778
An Iconic Lake Kariba Experience,,,,Click to email a link to a friend (Opens in new window) Email,,"From its position on a range of remote hills, Bumi Hills Safari Lodge is afforded breath taking panoramic views over the great inland sea of Lake Kariba. Ten stylishly appointed lakeview rooms are nested in the mountains overlooking the endless blue waters of the lake and the game-rich shoreline below. Surrounding the iconic infinity pool is a main area that has been designed with both serenity and style in mind. The uninterrupted view from the bar and dining deck gazes out over paradise beyond",https://www.zimplaza.co.zw/listing/bumi-hills-safari-lodge/#print?share=print,Zimbabwe,2025-12-03T19:23:28.973242
Caribbea Bay Hotel,,,,Click to email a link to a friend (Opens in new window) Email,,"If you thought you were in the middle of the Mediterranean when you arrive at Caribbea Bay, you’d be forgiven. The Sardinian architecture of Caribbea Bay in Zimbabwe, together with the lapping shores of Lake Kariba, makes you feel as if you are visiting a fishing village on the Mediterranean coastline – not a resort on the largest man-made water body in Southern Africa!",https://www.zimplaza.co.zw/listing/caribbea-bay-hotel/#print?share=print,Zimbabwe,2025-12-03T19:27:13.234605
About Us,,,,Click to email a link to a friend (Opens in new window) Email,,"We are a growing lodge with 21 rooms all en suite. With breathtaking views of Lake Kariba, which is a 5 minute walk away, our rooms offer the best accommodation in Kariba.",https://www.zimplaza.co.zw/listing/dzimbabwe-lodge/#print?share=print,Zimbabwe,2025-12-03T19:29:32.941625
Corporate Overview,,,,Click to email a link to a friend (Opens in new window) Email,,Tamarind Lodges is a beautiful owner managed multi-functional low cost self-catering facility on a 3 hectares property situated in Kariba.,https://www.zimplaza.co.zw/listing/tamarind-lodges/#print?share=print,Zimbabwe,2025-12-03T19:30:33.560437
Authentic Thai in the heart of Harare,,,,Click to email a link to a friend (Opens in new window) Email,,"We are a family owned restaurant and recognize the special way in which good food can bring us all together. Our team has been carefully selected to create a sense of warmth and welcome. So, whether it be a private function, a romantic dinner for two, or simply to grab a takeaway, we will ensure the requisite magic has been added to make your meal memorable.",https://www.zimplaza.co.zw/listing/sabai-thai/#print?share=print,Zimbabwe,2025-12-03T19:31:35.682044
CAPITAL FOODS,,,,Click to email a link to a friend (Opens in new window) Email,,Offering exceptional savings on all your animal feed.,https://www.zimplaza.co.zw/listing/capital-foods/#print?share=print,Zimbabwe,2025-12-03T19:32:33.190931
Striving to be the Very Best,,,,Click to email a link to a friend (Opens in new window) Email,,"If you’re looking for the best Dairy Supplier in Harare you’ve come to the right place. Yomilk Zimbabwe has been supplying its clients with the freshest, best quality products in the market since 2012.",https://www.zimplaza.co.zw/listing/yomilk-zimbabwe/#print?share=print,Zimbabwe,2025-12-03T19:33:43.192485
WHO WE ARE,,,,Click to email a link to a friend (Opens in new window) Email,,"The Zimbabwe Institute of Legal Studies is the country’s first and only legal/law college offering middle level qualifications in law and related specialist disciplines. It offers holders of ‘O’ Level qualifications an opportunity to embark on a journey to become lawyers, which journey has been the exclusive preserve of holders of ‘A’ qualifications. Even holders of ‘A’ level qualifications who have a dream of becoming lawyers but do not have sufficient points to enter university can embark on t",https://www.zimplaza.co.zw/listing/zimbabwe-institute-of-legal-studies/#print?share=print,Zimbabwe,2025-12-03T19:35:36.856387
Our Mission is to instill a universal development of the “whole” of a young man’s character and conscience,,,,Click to email a link to a friend (Opens in new window) Email,,"At the centre of a Jesuit education stands the phrase “Men of God, Men for and with Others”. It’s not so much the phrase which separates HARTMANN HOUSE and ST GEORGE’S COLLEGE from other private educational institutions in Zimbabwe, but what it actually means!",https://www.zimplaza.co.zw/listing/st-georges-college/#print?share=print,Zimbabwe,2025-12-03T19:38:53.369276
WELCOME TO,,,,Click to email a link to a friend (Opens in new window) Email,,"Morgan Zintec College creates knowledge, mobilizes people and takes action to improve education. Our faculty conduct research that has impact throughout Zimbabwe. Our college prepare graduates to thrive as educators in schools and other learning environments. Through our graduate and professional programs, we empower leaders, including school principals, policymakers and scholars. We develop ideas, people and innovations that improve education for the greatest possible number of people.",https://www.zimplaza.co.zw/listing/morgan-zintec-college/#print?share=print,Zimbabwe,2025-12-03T19:39:36.076769
Mission Statement,,,,Click to email a link to a friend (Opens in new window) Email,,"Mission Statement To produce competent, innovative and morally upright primary school teachers for the socio–economic transformation of Zimbabwe.",https://www.zimplaza.co.zw/listing/nyadire-teachers-college/#print?share=print,Zimbabwe,2025-12-03T19:41:53.904100
Pavcon,,,,Click to email a link to a friend (Opens in new window) Email,,"Pavcon Construction is a Zimbabwean registered construction company. The company is managed by seasoned entrepreneurs with vast experience in the construcon industry. We provide a wide range of services such as building, plumbing, maintenance, hardware and manufacturing pavers.",https://www.zimplaza.co.zw/listing/pavcon-construction/#print?share=print,Zimbabwe,2025-12-03T19:46:03.678510
"Prime Quality, Fully Kitted Ambulances::",,,,Click to email a link to a friend (Opens in new window) Email,,ACE has the only permanently fully configured ICU ground and air ambulances in Zimbabwe.,https://www.zimplaza.co.zw/listing/ace-ambulance/#print?share=print,Zimbabwe,2025-12-03T19:47:04.547390
"We specialise in large printing format, manufacture and installation of service station pylons and cloth printing, vehicle branding and graphic designs.",,,,Click to email a link to a friend (Opens in new window) Email,,,https://www.zimplaza.co.zw/listing/prime-display-signs/#print?share=print,Zimbabwe,2025-12-03T19:56:13.289110
"Expodesigns is your trusted partner for exhibitions, trade show concepts, stand-building and events infrastructure.",,,,Click to email a link to a friend (Opens in new window) Email,,,https://www.zimplaza.co.zw/listing/expo-designs/#print?share=print,Zimbabwe,2025-12-03T20:12:37.246942
& Lodges,,,,,,Our Vision- Offering a gracious guest experience to the Diplomatic and Corporate communities in a safe and private environment where friendships and lasting connections are formed.,https://www.zimplaza.co.zw/listing/sg-luxury-accommodation/,Zimbabwe,2025-12-03T20:21:04.616464
Welcome to Comarton Consultants (PVT) LTD,,,,Click to email a link to a friend (Opens in new window) Email,http://www.comarton.co.zw/index.php/industrial-market,"We pride ourselves in the provision of a professional, innovative, independent, and efficient employee benefit service in the following spheres:",https://www.zimplaza.co.zw/listing/comarton-consultantsprivate-limited/#print?share=print,Zimbabwe,2025-12-03T20:34:18.835058
Objectives,,,,Click to email a link to a friend (Opens in new window) Email,http://www.cfu.co.zw/commodities/cattle/main.htm,In 1981 the Commercial Oilseeds Producers’ Association (COPA) of the Commercial Farmers’ Union (CFU) made the decision to buy an undeveloped property on the outskirts of Harare in order to create a research base for their members. Very soon afterwards they invited the Commercial Grain Producers’ Association (CGPA) to join their endeavours and the Agricultural Research Trust (ART) was created. The Trust was reinforced with the injection of additional capital by the Zimbabwe Cereals Producers’ Ass,https://www.zimplaza.co.zw/listing/commercial-oil-seeds-producers-association/#print?share=print,Zimbabwe,2025-12-03T20:35:04.293307
History,,,,Click to email a link to a friend (Opens in new window) Email,,History,https://www.zimplaza.co.zw/listing/hospitality-association-of-zimbabwe/#print?share=print,Zimbabwe,2025-12-03T20:35:17.624360
Welcome to Zimbabwe Tobacco Association,,,,Click to email a link to a friend (Opens in new window) Email,,"Zimbabwe Tobacco Association (ZTA) was formed in 1928; among its objectives it promotes and supports research and training to ensure the continued development and expansion of the flue cured tobacco growing industry. It was responsible for the establishment of the Tobacco Research Board (TRB), along with farmer training organizations such as Blackfordby Agricultural Institute (BAI). Our membership consists of both large scale commercial and small scale tobacco growers. Our members produce on ave",https://www.zimplaza.co.zw/listing/tobacco-trade-association/#print?share=print,Zimbabwe,2025-12-03T20:37:18.039551
One Review,,,,,,Just Superb service delivery,https://www.zimplaza.co.zw/author/,Zimbabwe,2025-12-03T20:38:32.103413
About GEM Continental Inc,,,,Click to email a link to a friend (Opens in new window) Email,,GC-BTAV,https://www.zimplaza.co.zw/listing/gem-continental-private/#print?share=print,Zimbabwe,2025-12-03T20:39:36.244704
Moushtec Steel and Fireplaces,,,,,,,https://www.zimplaza.co.zw/listing/moushtec-steel-and-fireplaces-2/,Zimbabwe,2025-12-03T20:42:13.733946
Company Profile,,,,Click to email a link to a friend (Opens in new window) Email,,Swift transport has an inherently sound infrastructure. Its new fleet is driven by well-trained drivers who go through rigorous training at the Driving School. All Operations are backed by experienced management and employees. The company stands poised to explore new opportunities anywhere in Zimbabwe where there is reliable road infrastructure.,https://www.zimplaza.co.zw/listing/unifreight-recoveries/#print?share=print,Zimbabwe,2025-12-03T20:44:22.148322
new and second hand vehicles,,,,Click to email a link to a friend (Opens in new window) Email,,"Mac Motors (MAC) is a wholly owned Zimbabwean company incorporated in 1996. We pride ourselves in being a leading one stop shop with our products stable range from selling new and second hand vehicles to supplying all vehicle accessories such as canopies, vehicle protection equipment (bull bars, tow bars, nudge bars, roll bars), vehicle security(alarms, gear locks, spare wheel locks), vehicle entertainment (radios, speakers, sub-woofers) and motor glass (windscreens, door glass, quarter and rear",https://www.zimplaza.co.zw/listing/motor-accessories-center/#print?share=print,Zimbabwe,2025-12-03T20:45:25.028364
Business Consultants,,,,,,,https://www.zimyellow.com/business-consultants,Zimbabwe,2025-12-03T21:59:29.672761
Business Networking Organization,,,,,,,https://www.zimyellow.com/business-networking-organization,Zimbabwe,2025-12-03T21:59:29.674526
Media Business & Marketing Cosultancy,,,,,,,https://www.zimyellow.com/media-business-marketing-cosultancy,Zimbabwe,2025-12-03T21:59:29.675020
Footpro (Pvt) Ltd,,,,,,,https://thedirectory.co.zw/company.cfm?companyid=18463,Zimbabwe,2025-12-04T00:00:43.151841
Sealachem Pvt Ltd,,,,,,,https://thedirectory.co.zw/company.cfm?companyid=8204,Zimbabwe,2025-12-04T00:00:47.604640
Global Bolts and Hardware (GBH),,,,,,,https://thedirectory.co.zw/company.cfm?companyid=11420,Zimbabwe,2025-12-04T00:02:41.354434
Big Sky Supplies,,,,,https://thedirectory.co.zw/company.cfm?companyid=147,We Prepare You For Your Journey,https://thedirectory.co.zw/company.cfm?companyid=147,Zimbabwe,2025-12-04T00:02:42.674181
Templelink Enterprises,,,,,https://thedirectory.co.zw/company.cfm?companyid=5920,"Household Electrical Repairs, Installations and Services",https://thedirectory.co.zw/company.cfm?companyid=5920,Zimbabwe,2025-12-04T00:02:49.673775
Optional Air,,,,,,,https://thedirectory.co.zw/company.cfm?companyid=1798,Zimbabwe,2025-12-04T00:02:49.706073
Mechville Engineering (Private) Limited,,,,,,,https://thedirectory.co.zw/company.cfm?companyid=17509,Zimbabwe,2025-12-04T00:02:49.708108
Powerspeed Electrical Limited,,,,,,,https://thedirectory.co.zw/company.cfm?companyid=323,Zimbabwe,2025-12-04T00:02:49.708724
Omni Air Conditioning,,,,,,,https://thedirectory.co.zw/company.cfm?companyid=18171,Zimbabwe,2025-12-04T00:02:49.709346
Electra Air,,,,,,,https://thedirectory.co.zw/company.cfm?companyid=357,Zimbabwe,2025-12-04T00:02:49.710563
Exocold Refrigeration,,,,,,,https://thedirectory.co.zw/company.cfm?companyid=10042,Zimbabwe,2025-12-04T00:02:49.711192
Spice Lounge Restaurant,,,,,https://thedirectory.co.zw/company.cfm?companyid=6507,Authentic Indian Cuisine. Indo Chinese Cuisine. Vegetarian and Vegan Food.,https://thedirectory.co.zw/company.cfm?companyid=6507,Zimbabwe,2025-12-04T00:02:55.106163
Buffalo Creek Spur Zimbabwe,,,,,https://thedirectory.co.zw/company.cfm?companyid=16042,People with a taste for life,https://thedirectory.co.zw/company.cfm?companyid=16042,Zimbabwe,2025-12-04T00:02:56.257751
Ocean Basket,,,,,,,https://thedirectory.co.zw/company.cfm?companyid=9127,Zimbabwe,2025-12-04T00:02:56.599548
Venturecom,,,,,,,https://thedirectory.co.zw/company.cfm?companyid=4896,Zimbabwe,2025-12-04T00:03:02.969361
Drummonds Farm Fresh Chickens,,,,,https://thedirectory.co.zw/company.cfm?companyid=8701,Since 1985. We Deliver Country Wide,https://thedirectory.co.zw/company.cfm?companyid=8701,Zimbabwe,2025-12-04T00:03:05.847760
Colcom,,,,,https://thedirectory.co.zw/company.cfm?companyid=722,"Pork Products, Butchery",https://thedirectory.co.zw/company.cfm?companyid=722,Zimbabwe,2025-12-04T00:03:07.881618
Zenith Distributors,,,,,,,https://thedirectory.co.zw/company.cfm?companyid=346,Zimbabwe,2025-12-04T00:03:07.918165
Abbiamo Trading (Pvt) Ltd,,,,,,,https://thedirectory.co.zw/company.cfm?companyid=5676,Zimbabwe,2025-12-04T00:03:07.918847
Sable Foods (Pvt) Ltd,,,,,,,https://thedirectory.co.zw/company.cfm?companyid=13584,Zimbabwe,2025-12-04T00:03:07.919483
Central Cash Butchery,,,,,,,https://thedirectory.co.zw/company.cfm?companyid=11159,Zimbabwe,2025-12-04T00:03:07.920107
Mega Meats,,,,,,,https://thedirectory.co.zw/company.cfm?companyid=4432,Zimbabwe,2025-12-04T00:03:07.920717
Sylvester & Kitchen,,,,,,,https://thedirectory.co.zw/company.cfm?companyid=290,Zimbabwe,2025-12-04T00:03:09.434340
Rescue Cleaners,,,,,,,https://thedirectory.co.zw/company.cfm?companyid=15697,Zimbabwe,2025-12-04T00:03:09.437112
Celeste Tissue Products,,,,,,,https://thedirectory.co.zw/company.cfm?companyid=202,Zimbabwe,2025-12-04T00:03:09.439398
Clean-O! (Pvt) Ltd,,,,,,,https://thedirectory.co.zw/company.cfm?companyid=577,Zimbabwe,2025-12-04T00:03:09.440124
Root 2 Tip,,,,,https://thedirectory.co.zw/company.cfm?companyid=7144,Unisex Hair Studio,https://thedirectory.co.zw/banner-clicks.cfm?bannerid=493&smartpages,Zimbabwe,2025-12-04T00:04:51.502982
LA Hair Studio,,,,,,,https://thedirectory.co.zw/company.cfm?companyid=13198,Zimbabwe,2025-12-04T00:04:51.520589
Hair Perfect,,,,,,,https://thedirectory.co.zw/company.cfm?companyid=4892,Zimbabwe,2025-12-04T00:04:51.521228
Hair by Tamlyn Parker,,,,,,,https://thedirectory.co.zw/company.cfm?companyid=9455,Zimbabwe,2025-12-04T00:04:51.521844
J Mann and Company Pvt Ltd.,,,,,,,https://thedirectory.co.zw/company.cfm?companyid=1689,Zimbabwe,2025-12-04T00:04:53.018066
Ascentus Consulting Pvt Ltd.,,,,,,,https://thedirectory.co.zw/company.cfm?companyid=1297,Zimbabwe,2025-12-04T00:04:59.433021
Dayforce Investments,,,,,,,https://thedirectory.co.zw/company.cfm?companyid=9353,Zimbabwe,2025-12-04T00:05:00.729887
CP Plastics,,,,,,,https://thedirectory.co.zw/company.cfm?companyid=2343,Zimbabwe,2025-12-04T00:05:03.915192
Honda Centre Pvt Ltd,,,,,,,https://thedirectory.co.zw/company.cfm?companyid=6455,Zimbabwe,2025-12-04T00:05:05.281408
Coventry Road Plasterers (Pvt) Ltd,,,,,,,https://thedirectory.co.zw/company.cfm?companyid=7599,Zimbabwe,2025-12-04T00:05:05.283484
Kaylite King,,,,,,,https://thedirectory.co.zw/company.cfm?companyid=1653,Zimbabwe,2025-12-04T00:05:08.222921
Brennans Diesel Services,,,,,,,https://thedirectory.co.zw/company.cfm?companyid=1335,Zimbabwe,2025-12-04T00:05:16.273815
Elecsys Electrical Pvt Ltd,,,,,,,https://thedirectory.co.zw/company.cfm?companyid=6265,Zimbabwe,2025-12-04T00:05:17.916002
Kinsey WGB and Company Pvt Ltd.,,,,,,,https://thedirectory.co.zw/company.cfm?companyid=6178,Zimbabwe,2025-12-04T00:05:27.649798
Pearlville Land Developers,,,,,,,https://thedirectory.co.zw/company.cfm?companyid=16398,Zimbabwe,2025-12-04T00:05:32.035107
Ilala Lodge Hotel,,,,,,,https://thedirectory.co.zw/company.cfm?companyid=6823,Zimbabwe,2025-12-04T00:05:35.048132
The Hose Shop (Pvt) Ltd,,,,,,,https://thedirectory.co.zw/company.cfm?companyid=1347,Zimbabwe,2025-12-04T00:05:36.353110
Cleaning Frenzy Zimbabwe,,,,,https://thedirectory.co.zw/company.cfm?companyid=12398,"Cleaning frenzy is a residential & commercial cleaning company, providing the best cleaning services at the lowest prices. We also have over 100 well trained maids/gardeners ready to help you.",https://thedirectory.co.zw/company.cfm?companyid=12398,Zimbabwe,2025-12-04T00:06:19.292321
Creative Computers,,,,,https://thedirectory.co.zw/company.cfm?companyid=6493,Computer Sales,https://thedirectory.co.zw/company.cfm?companyid=6493,Zimbabwe,2025-12-04T00:06:23.542038
Codchem (Pvt) Ltd,,,,,https://thedirectory.co.zw/company.cfm?companyid=731,"Manufacturers Of Food Flavours And Colours: Emulsions, Essences, Cloudifier, Non Nutritive Sweeteners And Preservatives.",https://thedirectory.co.zw/company.cfm?companyid=731,Zimbabwe,2025-12-04T00:06:38.448443
Netrade Marketing,,,,,https://thedirectory.co.zw/company.cfm?companyid=1650,"Seizing Opportunities, Delivering Results",https://thedirectory.co.zw/company.cfm?companyid=1650,Zimbabwe,2025-12-04T00:06:58.665118
Jaipur Restaurant,,,,,https://thedirectory.co.zw/company.cfm?companyid=15635,Indian Restaurant,https://thedirectory.co.zw/company.cfm?companyid=15635,Zimbabwe,2025-12-04T00:07:22.114354
Windsor Technology,,,,,https://thedirectory.co.zw/company.cfm?companyid=3008,Servicing and Installation of Air Conditioners,https://thedirectory.co.zw/company.cfm?companyid=3008,Zimbabwe,2025-12-04T00:07:22.190884
Fire Consult,,,,,https://thedirectory.co.zw/company.cfm?companyid=3016,"A Total Fire Protection Solution, Automatic Fire Sprinkler System, Fire Alarms, Fire Extinguishers, Hydrant and Hose Reel Systems, Fire Pump Sets and Gas Suppression Systems",https://thedirectory.co.zw/company.cfm?companyid=3016,Zimbabwe,2025-12-04T00:07:28.297518
Mount Pleasant Fashions,,,,,https://thedirectory.co.zw/company.cfm?companyid=6036,Specialists in Fabric & Haberdashery,https://thedirectory.co.zw/company.cfm?companyid=6036,Zimbabwe,2025-12-04T00:07:41.083698
